Genotype;Milieu;Plate;Id;PR length;Tortuosity;RootArea;LR length;Grouping;Plants/group;distanceFromHypocotyl std (cm);ShootArea;Chlorophyll (a.u)
Col_0;Milieu_1;Plate_1;A1_1;3.176;1.092;0.225;9.60;1;5;2.569;0.094;1.603
Col_0;Milieu_1;Plate_1;A1_2;1.525;1.085;0.055;1.00;2;1;0.000;0.017;0.264
Col_0;Milieu_1;Plate_1;A1_3;1.134;1.081;0.225;9.60;1;5;2.569;0.015;0.175
Col_0;Milieu_1;Plate_1;A1_4;0.816;1.030;0.016;0.00;4;1;0.000;0.017;0.183
Col_0;Milieu_1;Plate_1;A1_5;5.99;1.105;0.297;10.36;3;11;2.699;0.068;1.310
Col_0;Milieu_1;Plate_1;A1_6;6.638;1.064;0.297;10.36;3;11;2.699;0.083;1.605
Col_0;Milieu_1;Plate_1;A1_7;6.407;1.178;0.297;10.36;3;11;2.699;0.136;2.777
Col_0;Milieu_1;Plate_1;A1_8;4.743;1.087;0.297;10.36;3;11;2.699;0.146;2.896
Col_0;Milieu_1;Plate_1;A1_9;6.232;1.080;0.297;10.36;3;11;2.699;0.047;0.913
Col_0;Milieu_1;Plate_1;A1_10;7.076;1.120;0.396;18.00;6;1;1.905;0.131;2.601
Col_0;Milieu_1;Plate_1;A1_11;7.379;1.077;0.297;10.36;3;11;2.699;0.103;2.565
Col_0;Milieu_1;Plate_1;A1_12;10.335;1.117;0.297;10.36;3;11;2.699;0.078;2.207
Col_0;Milieu_1;Plate_1;A1_13;10.417;1.089;0.297;10.36;3;11;2.699;0.081;2.590
Col_0;Milieu_1;Plate_1;A1_14;11.232;1.154;0.297;10.36;3;11;2.699;0.191;5.549
Col_0;Milieu_1;Plate_1;A1_15;5.319;1.130;0.297;10.36;3;11;2.699;0.204;5.359
Col_0;Milieu_1;Plate_1;A1_16;10.171;1.142;0.297;10.36;3;11;2.699;0.116;3.348
Col_0;Milieu_1;Plate_1;A1_17;0.873;1.047;0.031;3.00;5;1;0.253;0.028;0.758
Col_0;Milieu_1;Plate_1;A1_18;10.206;1.079;0.225;9.60;1;5;2.569;0.250;5.416
Col_0;Milieu_1;Plate_1;A1_19;8.004;1.085;0.225;9.60;1;5;2.569;0.169;3.777
Col_0;Milieu_1;Plate_1;A1_20;3.832;1.089;0.225;9.60;1;5;2.569;0.041;1.194
Col_0;Milieu_1;Plate_2;A2_1;1.143;1.127;0.030;2.00;3;1;0.019;0.024;0.293
Col_0;Milieu_1;Plate_2;A2_2;6.391;1.078;0.315;14.00;1;2;2.381;0.163;2.571
Col_0;Milieu_1;Plate_2;A2_3;0.848;1.071;0.020;1.00;5;1;0.000;0.018;0.158
Col_0;Milieu_1;Plate_2;A2_4;2.461;1.074;0.191;6.00;6;5;2.571;0.025;0.389
Col_0;Milieu_1;Plate_2;A2_5;0.487;1.083;0.191;6.00;6;5;2.571;0.014;0.134
Col_0;Milieu_1;Plate_2;A2_6;7.081;1.082;0.290;13.00;8;1;1.673;0.072;1.296
Col_0;Milieu_1;Plate_2;A2_7;5.739;1.069;0.159;6.25;9;4;2.955;0.140;2.197
Col_0;Milieu_1;Plate_2;A2_8;0.761;1.087;0.159;6.25;9;4;2.955;0.018;0.223
Col_0;Milieu_1;Plate_2;A2_9;1.895;1.061;0.035;1.00;11;1;0.000;0.024;0.335
Col_0;Milieu_1;Plate_2;A2_10;10.62;1.110;0.159;6.25;9;4;2.955;0.185;3.078
Col_0;Milieu_1;Plate_2;A2_11;4.184;1.072;0.159;6.25;9;4;2.955;0.115;2.157
Col_0;Milieu_1;Plate_2;A2_12;2.664;1.079;0.055;1.00;10;1;0.000;0.024;0.392
Col_0;Milieu_1;Plate_2;A2_13;10.239;1.082;0.191;6.00;6;5;2.571;0.021;0.347
Col_0;Milieu_1;Plate_2;A2_14;4.371;1.083;0.191;6.00;6;5;2.571;0.130;2.059
Col_0;Milieu_1;Plate_2;A2_15;5.218;1.074;0.191;6.00;6;5;2.571;0.107;1.809
Col_0;Milieu_1;Plate_2;A2_16;2.638;1.057;0.063;2.00;4;1;0.933;0.028;0.402
Col_0;Milieu_1;Plate_2;A2_17;9.805;1.082;0.315;14.00;1;2;2.381;0.016;0.226
Col_0;Milieu_1;Plate_2;A2_18;3.108;1.084;0.129;6.00;2;1;0.100;0.159;2.506
Col_0;Milieu_1;Plate_2;A2_19;10.268;1.105;0.340;13.00;7;2;2.476;0.098;1.720
Col_0;Milieu_1;Plate_2;A2_20;4.474;1.078;0.340;13.00;7;2;2.476;0.105;1.939
Col_0;Milieu_2;Plate_1;B1_1;6.252;1.144;0.274;9.67;1;3;1.736;0.241;5.138
Col_0;Milieu_2;Plate_1;B1_2;6.881;1.138;0.274;9.67;1;3;1.736;0.151;3.390
Col_0;Milieu_2;Plate_1;B1_3;7.523;1.150;0.303;11;2;4;2.302;0.143;2.556
Col_0;Milieu_2;Plate_1;B1_4;7.57;1.106;0.303;11;2;4;2.302;0.064;1.388
Col_0;Milieu_2;Plate_1;B1_5;7.002;1.147;0.236;9;4;1;2.147;0.074;1.927
Col_0;Milieu_2;Plate_1;B1_6;7.35;1.151;0.390;14;5;1;2.367;0.058;1.498
Col_0;Milieu_2;Plate_1;B1_7;7.622;1.106;0.314;13.17;3;6;2.215;0.178;3.935
Col_0;Milieu_2;Plate_1;B1_8;7.557;1.121;0.314;13.17;3;6;2.215;0.094;1.755
Col_0;Milieu_2;Plate_1;B1_9;5.396;1.132;0.153;5;7;1;1.573;0.085;1.398
Col_0;Milieu_2;Plate_1;B1_10;7.557;1.157;0.240;9;6;1;1.134;0.111;2.238
Col_0;Milieu_2;Plate_1;B1_11;1.006;1.261;0.028;2;8;1;0.378;0.004;0.009
Col_0;Milieu_2;Plate_1;B1_12;9.864;1.132;0.314;13.17;3;6;2.215;0.130;2.707
Col_0;Milieu_2;Plate_1;B1_13;3.614;1.174;0.314;13.17;3;6;2.215;0.137;3.029
Col_0;Milieu_2;Plate_1;B1_14;7.051;1.207;0.314;13.17;3;6;2.215;0.205;4.412
Col_0;Milieu_2;Plate_1;B1_15;10.015;1.102;0.314;13.17;3;6;2.215;0.002;0.026
Col_0;Milieu_2;Plate_1;B1_16;4.442;1.130;0.303;11;2;4;2.302;0.138;2.925
Col_0;Milieu_2;Plate_1;B1_17;8.147;1.119;0.303;11;2;4;2.302;0.076;1.796
Col_0;Milieu_2;Plate_1;B1_18;5.105;1.126;0.274;9.67;1;3;1.736;0.137;3.236
Col_0;Milieu_2;Plate_2;B2_1;5.654;1.091;0.293;10.14;1;7;2.389;0.117;2.388
Col_0;Milieu_2;Plate_2;B2_2;7.032;1.127;0.293;10.14;1;7;2.389;0.133;2.629
Col_0;Milieu_2;Plate_2;B2_3;8.044;1.182;0.293;10.14;1;7;2.389;0.051;1.176
Col_0;Milieu_2;Plate_2;B2_4;5.181;1.117;0.172;3.00;2;1;1.195;0.121;1.891
Col_0;Milieu_2;Plate_2;B2_5;7.885;1.131;0.408;13.63;3;8;2.810;0.168;3.612
Col_0;Milieu_2;Plate_2;B2_6;8.202;1.139;0.408;13.63;3;8;2.810;0.109;2.057
Col_0;Milieu_2;Plate_2;B2_7;8.104;1.132;0.408;13.63;3;8;2.810;0.073;1.482
Col_0;Milieu_2;Plate_2;B2_8;8.136;1.135;0.408;13.63;3;8;2.810;0.172;3.601
Col_0;Milieu_2;Plate_2;B2_9;7.013;1.109;0.408;13.63;3;8;2.810;0.056;1.162
Col_0;Milieu_2;Plate_2;B2_10;7.844;1.118;0.308;8.00;5;1;2.108;0.138;2.496
Col_0;Milieu_2;Plate_2;B2_11;8.617;1.103;0.408;13.63;3;8;2.810;0.071;1.203
Col_0;Milieu_2;Plate_2;B2_12;6.072;1.176;0.408;13.63;3;8;2.810;0.103;2.281
Col_0;Milieu_2;Plate_2;B2_13;11.356;1.118;0.408;13.63;3;8;2.810;0.100;1.990
Col_0;Milieu_2;Plate_2;B2_14;3.524;1.110;0.093;3.00;4;1;0.440;0.123;2.674
Col_0;Milieu_2;Plate_2;B2_15;9.238;1.134;0.293;10.14;1;7;2.389;0.076;1.423
Col_0;Milieu_2;Plate_2;B2_16;10.172;1.149;0.293;10.14;1;7;2.389;0.156;3.118
Col_0;Milieu_2;Plate_2;B2_17;6.167;1.166;0.293;10.14;1;7;2.389;0.120;2.447
Col_0;Milieu_2;Plate_2;B2_18;3.573;1.134;0.293;10.14;1;7;2.389;0.050;0.975
Col_0;Milieu_3;Plate_1;C1_1;3.936;1.111;0.141;8;1;1;1.106;0.096;2.782
Col_0;Milieu_3;Plate_1;C1_2;1.6;1.069;0.036;0;3;1;0.000;0.019;0.343
Col_0;Milieu_3;Plate_1;C1_3;2.635;1.079;0.066;1;5;1;0.000;0.012;0.286
Col_0;Milieu_3;Plate_1;C1_4;9.203;1.080;0.278;9;2;1;1.342;0.127;3.168
Col_0;Milieu_3;Plate_1;C1_5;6.255;1.081;0.184;6;4;1;1.804;0.016;0.329
Col_0;Milieu_3;Plate_1;C1_6;10.311;1.091;0.407;15;6;1;1.923;0.185;4.196
Col_0;Milieu_3;Plate_1;C1_7;5.55;1.096;0.174;8;7;3;2.096;0.132;3.254
Col_0;Milieu_3;Plate_1;C1_8;4.089;1.123;0.174;8;7;3;2.096;0.039;0.798
Col_0;Milieu_3;Plate_1;C1_9;9.681;1.083;0.174;8;7;3;2.096;0.169;3.633
Col_0;Milieu_3;Plate_1;C1_10;0.607;1.049;0.019;1;8;1;0.000;0.087;1.905
Col_0;Milieu_3;Plate_1;C1_11;0.2;1.214;0.007;0;10;1;0.000;0.014;0.264
Col_0;Milieu_3;Plate_1;C1_12;2.159;1.213;0.080;2;11;1;0.539;0.039;0.840
Col_0;Milieu_3;Plate_1;C1_13;10.313;1.085;0.168;5.5;9;2;2.573;0.066;1.578
Col_0;Milieu_3;Plate_1;C1_14;0.835;1.042;0.168;5.5;9;2;2.573;0.014;0.200
Col_0;Milieu_3;Plate_1;C1_15;6.527;1.121;0.200;9;12;1;2.087;0.137;3.299
Col_0;Milieu_3;Plate_1;C1_16;0.151;1.262;0.007;1;15;1;0.000;0.111;2.828
Col_0;Milieu_3;Plate_1;C1_17;3.64;1.089;0.157;5;14;1;0.000;0.073;2.108
Col_0;Milieu_3;Plate_1;C1_18;0.913;1.073;0.018;0;16;1;0.000;0.015;0.346
Col_0;Milieu_3;Plate_1;C1_19;0.185;1.065;0.008;0;13;1;0.000;0.011;0.164
Col_0;Milieu_3;Plate_2;C2_1;3.273;1.090;0.113;5;1;1;0.618;0.089;1.856
Col_0;Milieu_3;Plate_2;C2_2;5.654;1.084;0.192;6;3;2;1.881;0.112;2.331
Col_0;Milieu_3;Plate_2;C2_3;5.167;1.057;0.144;5;2;1;1.973;0.109;2.402
Col_0;Milieu_3;Plate_2;C2_4;5.981;1.081;0.192;6;3;2;1.881;0.110;2.431
Col_0;Milieu_3;Plate_2;C2_5;0.208;1.065;0.092;3;5;2;0.912;0.012;0.171
Col_0;Milieu_3;Plate_2;C2_6;0.105;1.054;0.009;1;6;1;0.000;0.117;2.447
Col_0;Milieu_3;Plate_2;C2_7;4.429;1.116;0.092;3;5;2;0.912;0.011;0.138
Col_0;Milieu_3;Plate_2;C2_8;7.081;1.093;0.231;13;4;1;2.151;0.141;2.691
Col_0;Milieu_3;Plate_2;C2_9;0.252;1.338;0.007;0;9;1;0.000;0.082;1.517
Col_0;Milieu_3;Plate_2;C2_10;6.821;1.067;0.192;5;7;1;0.712;0.083;1.782
Col_0;Milieu_3;Plate_2;C2_11;7.095;1.091;0.165;7.5;8;2;1.384;0.152;3.149
Col_0;Milieu_3;Plate_2;C2_12;3.687;1.106;0.165;7.5;8;2;1.384;0.061;0.938
Col_0;Milieu_3;Plate_2;C2_13;7.154;1.098;0.163;5.5;10;4;1.634;0.123;2.732
Col_0;Milieu_3;Plate_2;C2_14;4.692;1.121;0.163;5.5;10;4;1.634;0.079;1.748
Col_0;Milieu_3;Plate_2;C2_15;2.516;1.092;0.163;5.5;10;4;1.634;0.023;0.365
Col_0;Milieu_3;Plate_2;C2_16;4.638;1.123;0.163;5.5;10;4;1.634;0.116;2.591
Col_0;Milieu_3;Plate_2;C2_17;3.849;1.068;0.114;5;11;1;0.881;0.062;1.201
Col_0;Milieu_3;Plate_2;C2_18;0.725;1.045;0.018;1;13;1;0.000;0.013;0.186
Col_0;Milieu_3;Plate_2;C2_19;3.384;1.099;0.155;4;12;1;1.125;0.057;1.108
Col_0;Milieu_3;Plate_2;C2_20;0.894;1.057;0.019;0;14;1;0.000;0.018;0.263
Col_0;Milieu_3;Plate_2;C2_21;0.209;1.077;0.004;0;15;1;0.000;0.007;0.116
Col_0;Milieu_4;Plate_1;D1_1;8.186;1.152;0.304;12;1;3;2.297;0.218;4.506
Col_0;Milieu_4;Plate_1;D1_2;4.757;1.117;0.274;10;2;1;0.780;0.275;5.361
Col_0;Milieu_4;Plate_1;D1_3;5.477;1.119;0.304;12;1;3;2.297;0.094;1.841
Col_0;Milieu_4;Plate_1;D1_4;8.22;1.302;0.304;12;1;3;2.297;0.178;3.327
Col_0;Milieu_4;Plate_1;D1_5;8.288;1.172;0.274;14.5;3;2;1.799;0.323;6.845
Col_0;Milieu_4;Plate_1;D1_6;5.186;1.116;0.274;14.5;3;2;1.799;0.034;0.657
Col_0;Milieu_4;Plate_1;D1_7;8.229;1.149;0.397;15;4;10;2.515;0.349;7.566
Col_0;Milieu_4;Plate_1;D1_8;10.914;1.132;0.397;15;4;10;2.515;0.229;5.085
Col_0;Milieu_4;Plate_1;D1_9;8.511;1.119;0.397;15;4;10;2.515;0.228;4.427
Col_0;Milieu_4;Plate_1;D1_10;6.996;1.110;0.397;15;4;10;2.515;0.101;1.948
Col_0;Milieu_4;Plate_1;D1_11;8.326;1.142;0.397;15;4;10;2.515;0.356;7.834
Col_0;Milieu_4;Plate_1;D1_12;10.303;1.123;0.397;15;4;10;2.515;0.313;7.265
Col_0;Milieu_4;Plate_1;D1_13;8.103;1.123;0.397;15;4;10;2.515;0.125;2.400
Col_0;Milieu_4;Plate_1;D1_14;10.854;1.223;0.397;15;4;10;2.515;0.269;5.251
Col_0;Milieu_4;Plate_1;D1_15;8.486;1.161;0.397;15;4;10;2.515;0.110;2.321
Col_0;Milieu_4;Plate_1;D1_16;8.272;1.140;0.397;15;4;10;2.515;0.301;6.022
Col_0;Milieu_4;Plate_2;D2_1;8.157;1.151;0.304;12.6;1;5;2.148;0.199;4.338
Col_0;Milieu_4;Plate_2;D2_2;9.149;1.126;0.391;15;2;1;2.570;0.388;7.436
Col_0;Milieu_4;Plate_2;D2_3;8.188;1.322;0.304;12.6;1;5;2.148;0.322;7.372
Col_0;Milieu_4;Plate_2;D2_4;5.422;1.209;0.304;12.6;1;5;2.148;0.198;3.985
Col_0;Milieu_4;Plate_2;D2_5;5.182;1.115;0.304;12.6;1;5;2.148;0.172;3.565
Col_0;Milieu_4;Plate_2;D2_6;8.219;1.158;0.304;12.6;1;5;2.148;0.275;5.836
Col_0;Milieu_4;Plate_2;D2_7;8.116;1.116;0.399;15.3;3;10;2.846;0.189;3.894
Col_0;Milieu_4;Plate_2;D2_8;8.456;1.112;0.399;15.3;3;10;2.846;0.108;2.190
Col_0;Milieu_4;Plate_2;D2_9;10.677;1.100;0.399;15.3;3;10;2.846;0.326;5.467
Col_0;Milieu_4;Plate_2;D2_10;8.365;1.145;0.399;15.3;3;10;2.846;0.172;3.667
Col_0;Milieu_4;Plate_2;D2_11;10.808;1.124;0.399;15.3;3;10;2.846;0.275;4.659
Col_0;Milieu_4;Plate_2;D2_12;10.196;1.117;0.399;15.3;3;10;2.846;0.177;3.607
Col_0;Milieu_4;Plate_2;D2_13;7.718;1.112;0.399;15.3;3;10;2.846;0.242;4.817
Col_0;Milieu_4;Plate_2;D2_14;11.599;1.268;0.399;15.3;3;10;2.846;0.255;3.919
Col_0;Milieu_4;Plate_2;D2_15;2.645;1.202;0.399;15.3;3;10;2.846;0.101;2.023
Col_0;Milieu_4;Plate_2;D2_16;8.163;1.120;0.399;15.3;3;10;2.846;0.256;5.406
Col_0;Milieu_5;Plate_1;E1_1;3.328;1.092;0.085;0;2;1;0.000;0.053;0.609
Col_0;Milieu_5;Plate_1;E1_2;4.796;1.078;0.135;4;1;1;0.203;0.055;0.748
Col_0;Milieu_5;Plate_1;E1_3;7.124;1.088;0.340;10;3;1;1.573;0.223;3.531
Col_0;Milieu_5;Plate_1;E1_4;3.486;1.061;0.042;0;4;1;0.000;0.080;0.859
Col_0;Milieu_5;Plate_1;E1_5;3.661;1.060;0.100;2;5;1;0.130;0.047;0.624
Col_0;Milieu_5;Plate_1;E1_6;2.217;1.053;0.027;1;6;1;0.000;0.045;0.499
Col_0;Milieu_5;Plate_1;E1_7;2.746;1.069;0.072;1.5;7;2;0.481;0.035;0.311
Col_0;Milieu_5;Plate_1;E1_8;3.269;1.056;0.072;1.5;7;2;0.481;0.155;2.956
Col_0;Milieu_5;Plate_1;E1_9;1.918;1.076;0.034;0;8;1;0.000;0.032;0.293
Col_0;Milieu_5;Plate_1;E1_10;4.307;1.107;0.066;1;9;1;0.000;0.292;4.603
Col_0;Milieu_5;Plate_1;E1_11;3.56;1.052;0.035;0;11;1;0.000;0.138;2.715
Col_0;Milieu_5;Plate_1;E1_12;1.375;1.059;0.025;0;10;1;0.000;0.021;0.153
Col_0;Milieu_5;Plate_1;E1_13;1.488;1.023;0.026;1;12;1;0.000;0.042;0.416
Col_0;Milieu_5;Plate_1;E1_14;4.375;1.056;0.048;1;13;1;0.000;0.113;2.101
Col_0;Milieu_5;Plate_1;E1_15;4.457;1.045;0.160;4;14;1;0.621;0.083;1.339
Col_0;Milieu_5;Plate_1;E1_16;2.049;1.044;0.024;1;15;1;0.000;0.040;0.432
Col_0;Milieu_5;Plate_1;E1_17;5.235;1.045;0.182;7;17;1;1.402;0.095;1.410
Col_0;Milieu_5;Plate_1;E1_18;4.885;1.051;0.156;4;18;1;0.267;0.049;0.621
Col_0;Milieu_5;Plate_1;E1_19;2.586;1.062;0.081;1;16;1;0.000;0.029;0.361
Col_0;Milieu_5;Plate_1;E1_20;2.626;1.063;0.074;1;19;1;0.000;0.029;0.332
Col_0;Milieu_5;Plate_2;E2_1;4.365;1.076;0.117;4;1;1;0.309;0.122;2.081
Col_0;Milieu_5;Plate_2;E2_2;0.107;1.071;0.003;0;2;1;0.000;0.011;0.127
Col_0;Milieu_5;Plate_2;E2_3;5.829;1.072;0.199;5;3;1;0.831;0.231;4.187
Col_0;Milieu_5;Plate_2;E2_4;3.467;1.071;0.108;3;5;1;1.331;0.098;1.484
Col_0;Milieu_5;Plate_2;E2_5;3.724;1.053;0.113;5;4;1;0.746;0.089;1.475
Col_0;Milieu_5;Plate_2;E2_6;0.103;1.031;0.005;0;6;1;0.000;0.008;0.074
Col_0;Milieu_5;Plate_2;E2_7;3.937;1.057;0.096;1;7;1;0.000;0.063;0.860
Col_0;Milieu_5;Plate_2;E2_8;1.551;1.060;0.020;0;8;1;0.000;0.037;0.433
Col_0;Milieu_5;Plate_2;E2_9;4.87;1.050;0.122;2;9;1;0.918;0.141;2.467
Col_0;Milieu_5;Plate_2;E2_10;4.444;1.048;0.119;2;10;1;1.412;0.098;1.218
Col_0;Milieu_5;Plate_2;E2_11;0.45;1.071;0.004;0;11;1;0.000;0.018;0.336
Col_0;Milieu_5;Plate_2;E2_12;3.908;1.068;0.062;2;12;1;0.000;0.080;1.359
Col_0;Milieu_5;Plate_2;E2_13;2.146;1.061;0.028;0;13;1;0.000;0.097;1.078
Col_0;Milieu_5;Plate_2;E2_14;5.608;1.075;0.215;8;14;1;1.858;0.203;3.702
Col_0;Milieu_5;Plate_2;E2_15;1.836;1.078;0.029;1;15;1;0.000;0.032;0.361
Col_0;Milieu_5;Plate_2;E2_16;4.416;1.109;0.137;3;16;1;0.564;0.066;1.057
Col_0;Milieu_5;Plate_2;E2_17;1.942;1.111;0.100;3;17;2;1.550;0.071;0.739
Col_0;Milieu_5;Plate_2;E2_18;5.351;1.099;0.100;3;17;2;1.550;0.106;1.482
nrt;Milieu_1;Plate_1;F1_1;11.163;1.102;0.259;10.14;1;7;2.348;0.187;4.250
nrt;Milieu_1;Plate_1;F1_2;7.419;1.082;0.183;5;2;2;1.473;0.132;3.033
nrt;Milieu_1;Plate_1;F1_3;7.537;1.116;0.183;5;2;2;1.473;0.041;0.674
nrt;Milieu_1;Plate_1;F1_4;7.38;1.087;0.259;10.14;1;7;2.348;0.171;3.394
nrt;Milieu_1;Plate_1;F1_5;7.545;1.085;0.259;10.14;1;7;2.348;0.049;0.958
nrt;Milieu_1;Plate_1;F1_6;10.897;1.114;0.259;10.14;1;7;2.348;0.099;2.176
nrt;Milieu_1;Plate_1;F1_7;7.259;1.085;0.259;10.14;1;7;2.348;0.150;2.597
nrt;Milieu_1;Plate_1;F1_8;6.605;1.092;0.259;10.14;1;7;2.348;0.017;0.211
nrt;Milieu_1;Plate_1;F1_9;4.745;1.106;0.259;10.14;1;7;2.348;0.132;2.527
nrt;Milieu_1;Plate_1;F1_10;6.39;1.088;0.189;7.75;3;4;2.274;0.022;0.302
nrt;Milieu_1;Plate_1;F1_11;4.319;1.087;0.189;7.75;3;4;2.274;0.017;0.195
nrt;Milieu_1;Plate_1;F1_12;10.711;1.204;0.189;7.75;3;4;2.274;0.184;3.235
nrt;Milieu_1;Plate_1;F1_13;7.228;1.098;0.189;7.75;3;4;2.274;0.098;1.372
nrt;Milieu_1;Plate_1;F1_14;4.202;1.105;0.167;4.67;4;3;0.872;0.043;0.637
nrt;Milieu_1;Plate_1;F1_15;7.343;1.110;0.167;4.67;4;3;0.872;0.089;1.512
nrt;Milieu_1;Plate_1;F1_16;6.559;1.109;0.167;4.67;4;3;0.872;0.044;0.600
nrt;Milieu_1;Plate_1;F1_17;6.216;1.094;0.137;7;5;1;0.940;0.080;1.040
nrt;Milieu_1;Plate_1;F1_18;2.454;1.128;0.186;8.67;6;3;1.496;0.107;1.652
nrt;Milieu_1;Plate_1;F1_19;5.318;1.136;0.186;8.67;6;3;1.496;0.104;1.466
nrt;Milieu_1;Plate_1;F1_20;4.449;1.208;0.186;8.67;6;3;1.496;0.105;1.583
nrt;Milieu_1;Plate_2;F2_1;10.499;1.117;0.291;13.6;1;5;2.433;0.149;3.648
nrt;Milieu_1;Plate_2;F2_2;7.023;1.115;0.291;13.6;1;5;2.433;0.045;0.945
nrt;Milieu_1;Plate_2;F2_3;7.229;1.114;0.291;13.6;1;5;2.433;0.064;1.242
nrt;Milieu_1;Plate_2;F2_4;10.234;1.099;0.291;13.6;1;5;2.433;0.213;4.404
nrt;Milieu_1;Plate_2;F2_5;6.994;1.107;0.291;13.6;1;5;2.433;0.100;1.737
nrt;Milieu_1;Plate_2;F2_6;10.27;1.098;0.348;14.67;2;9;2.807;0.195;3.866
nrt;Milieu_1;Plate_2;F2_7;1.095;1.041;0.348;14.67;2;9;2.807;0.025;0.267
nrt;Milieu_1;Plate_2;F2_8;10.251;1.103;0.348;14.67;2;9;2.807;0.161;3.119
nrt;Milieu_1;Plate_2;F2_9;7.037;1.091;0.348;14.67;2;9;2.807;0.263;4.364
nrt;Milieu_1;Plate_2;F2_10;7.154;1.105;0.348;14.67;2;9;2.807;0.214;3.332
nrt;Milieu_1;Plate_2;F2_11;10.166;1.080;0.348;14.67;2;9;2.807;0.159;2.985
nrt;Milieu_1;Plate_2;F2_12;10.218;1.095;0.348;14.67;2;9;2.807;0.103;1.752
nrt;Milieu_1;Plate_2;F2_13;7.055;1.091;0.348;14.67;2;9;2.807;0.152;1.866
nrt;Milieu_1;Plate_2;F2_14;10.033;1.059;0.348;14.67;2;9;2.807;0.112;1.786
nrt;Milieu_1;Plate_2;F2_15;8.996;1.077;0.282;13.5;3;2;3.140;0.046;0.525
nrt;Milieu_1;Plate_2;F2_16;7.056;1.101;0.282;13.5;3;2;3.140;0.133;1.728
nrt;Milieu_1;Plate_2;F2_17;7.125;1.093;0.289;13;4;1;2.513;0.104;1.325
nrt;Milieu_1;Plate_2;F2_18;0.822;1.040;0.029;2;5;1;0.000;0.020;0.218
nrt;Milieu_1;Plate_2;F2_19;10.026;1.112;0.379;18;6;2;3.103;0.220;3.604
nrt;Milieu_1;Plate_2;F2_20;4.657;1.094;0.379;18;6;2;3.103;0.189;2.869
nrt;Milieu_1;Plate_3;F3_1;2.948;1.160;0.229;10.63;4;8;2.111;0.163;3.801
nrt;Milieu_1;Plate_3;F3_2;4.498;1.169;0.229;10.63;4;8;2.111;0.054;0.814
nrt;Milieu_1;Plate_3;F3_3;7.755;1.135;0.229;10.63;4;8;2.111;0.076;1.374
nrt;Milieu_1;Plate_3;F3_4;5.359;1.132;0.229;10.63;4;8;2.111;0.055;1.185
nrt;Milieu_1;Plate_3;F3_5;7.856;1.132;0.229;10.63;4;8;2.111;0.054;0.962
nrt;Milieu_1;Plate_3;F3_6;6.277;1.121;0.229;10.63;4;8;2.111;0.074;1.109
nrt;Milieu_1;Plate_3;F3_7;8.198;1.111;0.229;10.63;4;8;2.111;0.201;3.786
nrt;Milieu_1;Plate_3;F3_8;7.24;1.136;0.229;10.63;4;8;2.111;0.307;6.594
nrt;Milieu_1;Plate_3;F3_9;5.906;1.174;0.144;6;3;1;1.472;0.040;0.609
nrt;Milieu_1;Plate_3;F3_10;7.56;1.099;0.384;10;6;1;2.624;0.302;5.507
nrt;Milieu_1;Plate_3;F3_11;1.199;1.161;0.029;3;1;1;0.123;0.018;0.259
nrt;Milieu_1;Plate_3;F3_12;8.564;1.235;0.296;16.8;2;5;2.607;0.101;2.036
nrt;Milieu_1;Plate_3;F3_13;7.361;1.096;0.296;16.8;2;5;2.607;0.040;0.617
nrt;Milieu_1;Plate_3;F3_14;2.65;1.090;0.296;16.8;2;5;2.607;0.029;0.398
nrt;Milieu_1;Plate_3;F3_15;11.115;1.137;0.296;16.8;2;5;2.607;0.226;4.414
nrt;Milieu_1;Plate_3;F3_16;7.528;1.184;0.296;16.8;2;5;2.607;0.060;1.144
nrt;Milieu_1;Plate_3;F3_17;8.599;1.108;0.397;21.5;5;2;2.444;0.103;2.233
nrt;Milieu_1;Plate_3;F3_18;8.072;1.187;0.397;21.5;5;2;2.444;0.091;1.910
nrt;Milieu_2;Plate_1;G1_1;10.706;1.190;0.579;15.33;1;6;2.662;0.062;1.423
nrt;Milieu_2;Plate_1;G1_2;8.094;1.133;0.579;15.33;1;6;2.662;0.096;2.322
nrt;Milieu_2;Plate_1;G1_3;4.849;1.175;0.458;14;2;2;3.315;0.190;4.468
nrt;Milieu_2;Plate_1;G1_4;11.187;1.081;0.458;14;2;2;3.315;0.224;5.302
nrt;Milieu_2;Plate_1;G1_5;7.735;1.113;0.579;15.33;1;6;2.662;0.264;6.248
nrt;Milieu_2;Plate_1;G1_6;7.245;1.192;0.579;15.33;1;6;2.662;0.239;5.045
nrt;Milieu_2;Plate_1;G1_7;7.901;1.074;0.579;15.33;1;6;2.662;0.148;3.016
nrt;Milieu_2;Plate_1;G1_8;11.437;1.104;0.631;17.67;3;6;3.113;0.116;2.737
nrt;Milieu_2;Plate_1;G1_9;8.299;1.127;0.631;17.67;3;6;3.113;0.222;4.977
nrt;Milieu_2;Plate_1;G1_10;8.814;1.130;0.631;17.67;3;6;3.113;0.051;1.147
nrt;Milieu_2;Plate_1;G1_11;10.301;1.235;0.631;17.67;3;6;3.113;0.079;1.731
nrt;Milieu_2;Plate_1;G1_12;8.093;1.158;0.631;17.67;3;6;3.113;0.051;1.172
nrt;Milieu_2;Plate_1;G1_13;5.838;1.125;0.631;17.67;3;6;3.113;0.106;2.421
nrt;Milieu_2;Plate_1;G1_14;6.834;1.096;0.579;15.33;1;6;2.662;0.291;6.530
nrt;Milieu_3;Plate_1;H1_1;9.946;1.166;0.231;5.4;1;10;2.277;0.127;2.836
nrt;Milieu_3;Plate_1;H1_2;6.582;1.072;0.284;6;2;1;0.924;0.189;4.500
nrt;Milieu_3;Plate_1;H1_3;2.908;1.089;0.231;5.4;1;10;2.277;0.031;0.497
nrt;Milieu_3;Plate_1;H1_4;5.198;1.227;0.231;5.4;1;10;2.277;0.081;1.534
nrt;Milieu_3;Plate_1;H1_5;3.355;1.078;0.231;5.4;1;10;2.277;0.066;1.593
nrt;Milieu_3;Plate_1;H1_6;8.067;1.136;0.231;5.4;1;10;2.277;0.219;5.280
nrt;Milieu_3;Plate_1;H1_7;8.966;1.086;0.231;5.4;1;10;2.277;0.104;2.615
nrt;Milieu_3;Plate_1;H1_8;5.539;1.099;0.231;5.4;1;10;2.277;0.202;4.303
nrt;Milieu_3;Plate_1;H1_9;1.224;1.164;0.020;0;3;1;0.000;0.017;0.362
nrt;Milieu_3;Plate_1;H1_10;7.523;1.138;0.231;5.4;1;10;2.277;0.178;3.982
nrt;Milieu_3;Plate_1;H1_11;3.968;1.107;0.163;6;5;1;1.121;0.112;1.958
nrt;Milieu_3;Plate_1;H1_12;3.79;1.114;0.276;9.5;4;2;0.836;0.094;2.506
nrt;Milieu_3;Plate_1;H1_13;5.045;1.210;0.276;9.5;4;2;0.836;0.047;1.405
nrt;Milieu_3;Plate_1;H1_14;1.063;1.104;0.028;0;6;1;0.000;0.023;0.344
nrt;Milieu_3;Plate_1;H1_15;5.985;1.126;0.169;7;7;1;1.059;0.127;2.615
nrt;Milieu_3;Plate_1;H1_16;5.358;1.243;0.203;7;8;1;1.160;0.188;3.526
nrt;Milieu_3;Plate_1;H1_17;5.612;1.200;0.186;11;9;1;1.841;0.284;5.359
nrt;Milieu_3;Plate_1;H1_18;4.772;1.093;0.231;5.4;1;10;2.277;0.041;0.701
nrt;Milieu_3;Plate_1;H1_19;5.999;1.108;0.231;5.4;1;10;2.277;0.165;3.601
nrt;Milieu_3;Plate_2;H2_1;7.847;1.109;0.291;11.17;1;6;2.852;0.174;4.577
nrt;Milieu_3;Plate_2;H2_2;7.848;1.090;0.291;11.17;1;6;2.852;0.304;6.735
nrt;Milieu_3;Plate_2;H2_3;10.909;1.092;0.291;11.17;1;6;2.852;0.254;6.204
nrt;Milieu_3;Plate_2;H2_4;5.945;1.111;0.291;11.17;1;6;2.852;0.225;5.152
nrt;Milieu_3;Plate_2;H2_5;9.008;1.081;0.300;9;2;1;2.660;0.159;3.850
nrt;Milieu_3;Plate_2;H2_6;4.749;1.137;0.291;11.17;1;6;2.852;0.327;7.057
nrt;Milieu_3;Plate_2;H2_7;1.624;1.091;0.291;11.17;1;6;2.852;0.022;0.374
nrt;Milieu_3;Plate_2;H2_8;0.888;1.071;0.061;3;3;2;1.374;0.024;0.318
nrt;Milieu_3;Plate_2;H2_9;4.081;1.105;0.061;3;3;2;1.374;0.039;0.909
nrt;Milieu_3;Plate_2;H2_10;7.815;1.086;0.238;9.33;4;6;1.764;0.134;3.103
nrt;Milieu_3;Plate_2;H2_11;8.354;1.221;0.238;9.33;4;6;1.764;0.114;2.478
nrt;Milieu_3;Plate_2;H2_12;7.411;1.135;0.238;9.33;4;6;1.764;0.166;3.395
nrt;Milieu_3;Plate_2;H2_13;6.218;1.060;0.238;9.33;4;6;1.764;0.158;3.008
nrt;Milieu_3;Plate_2;H2_14;8.196;1.089;0.238;9.33;4;6;1.764;0.123;2.643
nrt;Milieu_3;Plate_2;H2_15;5.377;1.078;0.238;9.33;4;6;1.764;0.116;2.341
nrt;Milieu_3;Plate_2;H2_16;8.037;1.125;0.205;8.8;5;5;1.829;0.130;3.043
nrt;Milieu_3;Plate_2;H2_17;4.015;1.071;0.205;8.8;5;5;1.829;0.047;0.933
nrt;Milieu_3;Plate_2;H2_18;7.993;1.320;0.205;8.8;5;5;1.829;0.222;4.337
nrt;Milieu_3;Plate_2;H2_19;9.007;1.101;0.205;8.8;5;5;1.829;0.115;2.895
nrt;Milieu_3;Plate_2;H2_20;3.087;1.178;0.205;8.8;5;5;1.829;0.190;3.814
nrt;Milieu_3;Plate_3;H3_1;7.677;1.174;0.266;13.2;2;5;2.445;0.173;3.104
nrt;Milieu_3;Plate_3;H3_2;2.61;1.126;0.266;13.2;2;5;2.445;0.209;3.671
nrt;Milieu_3;Plate_3;H3_3;9.657;1.101;0.266;13.2;2;5;2.445;0.261;4.472
nrt;Milieu_3;Plate_3;H3_4;8.139;1.101;0.266;13.2;2;5;2.445;0.253;5.870
nrt;Milieu_3;Plate_3;H3_5;4.624;1.067;0.266;13.2;2;5;2.445;0.128;2.498
nrt;Milieu_3;Plate_3;H3_6;11.646;1.184;0.439;17.82;1;11;2.949;0.206;4.056
nrt;Milieu_3;Plate_3;H3_7;9.135;1.173;0.439;17.82;1;11;2.949;0.152;3.189
nrt;Milieu_3;Plate_3;H3_8;5.602;1.072;0.439;17.82;1;11;2.949;0.176;3.407
nrt;Milieu_3;Plate_3;H3_9;7.029;1.072;0.439;17.82;1;11;2.949;0.207;4.361
nrt;Milieu_3;Plate_3;H3_10;9.386;1.088;0.439;17.82;1;11;2.949;0.130;3.328
nrt;Milieu_3;Plate_3;H3_11;8.393;1.232;0.439;17.82;1;11;2.949;0.084;1.913
nrt;Milieu_3;Plate_3;H3_12;1.252;1.132;0.439;17.82;1;11;2.949;0.328;7.176
nrt;Milieu_3;Plate_3;H3_13;10.496;1.080;0.439;17.82;1;11;2.949;0.362;8.167
nrt;Milieu_3;Plate_3;H3_14;8.038;1.098;0.439;17.82;1;11;2.949;0.189;3.831
nrt;Milieu_3;Plate_3;H3_15;10.917;1.103;0.439;17.82;1;11;2.949;0.228;5.583
nrt;Milieu_3;Plate_3;H3_16;8.025;1.102;0.439;17.82;1;11;2.949;0.720;17.724
nrt;Milieu_4;Plate_1;I1_1;10.829;1.109;0.417;15.92;1;12;2.929;0.303;5.004
nrt;Milieu_4;Plate_1;I1_2;7.536;1.144;0.417;15.92;1;12;2.929;0.198;3.627
nrt;Milieu_4;Plate_1;I1_3;7.965;1.141;0.417;15.92;1;12;2.929;0.225;3.572
nrt;Milieu_4;Plate_1;I1_4;3.704;1.086;0.417;15.92;1;12;2.929;0.414;6.647
nrt;Milieu_4;Plate_1;I1_5;7.312;1.116;0.417;15.92;1;12;2.929;0.393;6.264
nrt;Milieu_4;Plate_1;I1_6;7.753;1.136;0.417;15.92;1;12;2.929;0.372;5.881
nrt;Milieu_4;Plate_1;I1_7;6.91;1.101;0.417;15.92;1;12;2.929;0.067;1.122
nrt;Milieu_4;Plate_1;I1_8;10.921;1.113;0.417;15.92;1;12;2.929;0.154;3.543
nrt;Milieu_4;Plate_1;I1_9;8.899;1.162;0.417;15.92;1;12;2.929;0.311;6.219
nrt;Milieu_4;Plate_1;I1_10;3.756;1.115;0.417;15.92;1;12;2.929;0.304;5.707
nrt;Milieu_4;Plate_1;I1_11;10.409;1.087;0.417;15.92;1;12;2.929;0.041;0.537
nrt;Milieu_4;Plate_1;I1_12;6.204;1.148;0.417;15.92;1;12;2.929;0.212;3.171
nrt;Milieu_4;Plate_1;I1_13;10.78;1.120;0.357;13.71;2;7;3.054;0.062;0.771
nrt;Milieu_4;Plate_1;I1_14;10.701;1.176;0.357;13.71;2;7;3.054;0.257;3.843
nrt;Milieu_4;Plate_1;I1_15;0.054;1.080;0.357;13.71;2;7;3.054;0.309;5.461
nrt;Milieu_4;Plate_1;I1_16;6.853;1.078;0.357;13.71;2;7;3.054;0.128;2.326
nrt;Milieu_4;Plate_1;I1_17;6.146;1.183;0.357;13.71;2;7;3.054;0.160;2.949
nrt;Milieu_4;Plate_1;I1_18;6.869;1.115;0.357;13.71;2;7;3.054;0.151;3.059
nrt;Milieu_4;Plate_1;I1_19;4.443;1.111;0.276;9;3;3;1.778;0.284;5.136
nrt;Milieu_4;Plate_1;I1_20;6.87;1.101;0.357;13.71;2;7;3.054;0.194;3.748
nrt;Milieu_4;Plate_1;I1_21;5.134;1.250;0.276;9;3;3;1.778;0.242;5.072
nrt;Milieu_4;Plate_1;I1_22;6.175;1.149;0.276;9;3;3;1.778;0.225;3.970
nrt;Milieu_4;Plate_2;I2_1;10.077;1.124;0.578;16.4;1;10;2.971;0.392;7.553
nrt;Milieu_4;Plate_2;I2_2;6.493;1.104;0.578;16.4;1;10;2.971;0.368;5.639
nrt;Milieu_4;Plate_2;I2_3;9.999;1.122;0.578;16.4;1;10;2.971;0.329;6.185
nrt;Milieu_4;Plate_2;I2_4;10.166;1.115;0.578;16.4;1;10;2.971;0.440;7.740
nrt;Milieu_4;Plate_2;I2_5;7.127;1.137;0.578;16.4;1;10;2.971;0.434;7.901
nrt;Milieu_4;Plate_2;I2_6;6.844;1.086;0.578;16.4;1;10;2.971;0.312;6.730
nrt;Milieu_4;Plate_2;I2_7;10.317;1.129;0.578;16.4;1;10;2.971;0.325;5.877
nrt;Milieu_4;Plate_2;I2_8;10.897;1.104;0.578;16.4;1;10;2.971;0.389;6.693
nrt;Milieu_4;Plate_2;I2_9;7.091;1.151;0.578;16.4;1;10;2.971;0.386;7.252
nrt;Milieu_4;Plate_2;I2_10;5.175;1.143;0.578;16.4;1;10;2.971;0.386;8.139
nrt;Milieu_4;Plate_2;I2_11;10.168;1.103;0.340;14.33;2;9;2.082;0.376;6.813
nrt;Milieu_4;Plate_2;I2_12;6.706;1.113;0.340;14.33;2;9;2.082;0.547;9.566
nrt;Milieu_4;Plate_2;I2_13;5.855;1.094;0.340;14.33;2;9;2.082;0.536;8.613
nrt;Milieu_4;Plate_2;I2_14;8.18;1.144;0.340;14.33;2;9;2.082;0.295;5.473
nrt;Milieu_4;Plate_2;I2_15;9.71;1.119;0.340;14.33;2;9;2.082;0.284;4.576
nrt;Milieu_4;Plate_2;I2_16;4.63;1.164;0.340;14.33;2;9;2.082;0.296;5.243
nrt;Milieu_4;Plate_2;I2_17;6.534;1.150;0.340;14.33;2;9;2.082;0.304;5.701
nrt;Milieu_4;Plate_2;I2_18;5.049;1.154;0.340;14.33;2;9;2.082;0.313;5.249
nrt;Milieu_4;Plate_2;I2_19;4.07;1.152;0.340;14.33;2;9;2.082;0.388;7.248
nrt;Milieu_5;Plate_1;J1_1;6.705;1.056;0.149;8;1;1;1.330;0.240;4.844
nrt;Milieu_5;Plate_1;J1_2;6.962;1.070;0.219;13;3;1;1.871;0.157;2.656
nrt;Milieu_5;Plate_1;J1_3;5.678;1.058;0.219;11;5;2;2.127;0.167;2.853
nrt;Milieu_5;Plate_1;J1_4;6.927;1.095;0.264;17.5;7;2;1.910;0.180;3.074
nrt;Milieu_5;Plate_1;J1_5;5.106;1.077;0.174;13;8;1;1.425;0.224;4.089
nrt;Milieu_5;Plate_1;J1_6;7.159;1.084;0.326;19;10;1;1.888;0.221;3.539
nrt;Milieu_5;Plate_1;J1_7;6.961;1.060;0.256;14.14;11;7;2.319;0.246;4.437
nrt;Milieu_5;Plate_1;J1_8;6.904;1.044;0.256;14.14;11;7;2.319;0.133;2.137
nrt;Milieu_5;Plate_1;J1_9;0.886;1.055;0.028;2;12;1;0.437;0.025;0.208
nrt;Milieu_5;Plate_1;J1_10;5.572;1.055;0.256;14.14;11;7;2.319;0.194;3.710
nrt;Milieu_5;Plate_1;J1_11;4.439;1.074;0.256;14.14;11;7;2.319;0.096;1.527
nrt;Milieu_5;Plate_1;J1_12;9.76;1.078;0.256;14.14;11;7;2.319;0.217;4.033
nrt;Milieu_5;Plate_1;J1_13;7.81;1.064;0.256;14.14;11;7;2.319;0.115;2.008
nrt;Milieu_5;Plate_1;J1_14;9.874;1.087;0.256;14.14;11;7;2.319;0.168;3.208
nrt;Milieu_5;Plate_1;J1_15;9.245;1.066;0.344;18;9;1;2.770;0.148;2.617
nrt;Milieu_5;Plate_1;J1_16;8.27;1.076;0.264;17.5;7;2;1.910;0.327;6.648
nrt;Milieu_5;Plate_1;J1_17;7.428;1.063;0.218;14;6;1;2.095;0.082;1.330
nrt;Milieu_5;Plate_1;J1_18;7.541;1.096;0.219;11;5;2;2.127;0.151;3.343
nrt;Milieu_5;Plate_1;J1_19;2.574;1.058;0.046;1;4;1;0.000;0.086;1.749
nrt;Milieu_5;Plate_1;J1_20;6.336;1.077;0.155;5;2;1;1.231;0.172;3.721
nrt;Milieu_5;Plate_2;J2_1;6.312;1.073;0.163;7.67;1;3;1.901;0.134;2.174
nrt;Milieu_5;Plate_2;J2_2;6.817;1.047;0.163;11;2;1;1.640;0.162;2.604
nrt;Milieu_5;Plate_2;J2_3;5.842;1.056;0.213;12.33;4;3;1.973;0.164;2.180
nrt;Milieu_5;Plate_2;J2_4;7.128;1.101;0.213;12.33;4;3;1.973;0.172;1.964
nrt;Milieu_5;Plate_2;J2_5;4.425;1.082;0.230;13;6;1;0.950;0.096;0.985
nrt;Milieu_5;Plate_2;J2_6;6.724;1.056;0.345;17;8;1;1.697;0.255;3.351
nrt;Milieu_5;Plate_2;J2_7;6.185;1.076;0.229;13;9;1;1.737;0.140;1.527
nrt;Milieu_5;Plate_2;J2_8;6.644;1.070;0.208;9;12;1;0.887;0.223;2.591
nrt;Milieu_5;Plate_2;J2_9;2.7;1.067;0.122;4;14;1;0.432;0.047;0.446
nrt;Milieu_5;Plate_2;J2_10;4.181;1.097;0.153;11;16;1;0.941;0.106;0.959
nrt;Milieu_5;Plate_2;J2_11;9.428;1.083;0.259;13;15;1;2.960;0.087;0.600
nrt;Milieu_5;Plate_2;J2_12;10.078;1.071;0.407;26;13;1;2.270;0.120;0.772
nrt;Milieu_5;Plate_2;J2_13;8.239;1.083;0.328;22;10;1;2.377;0.129;0.641
nrt;Milieu_5;Plate_2;J2_14;1.617;1.056;0.046;2;11;1;0.851;0.017;0.042
nrt;Milieu_5;Plate_2;J2_15;7.803;1.079;0.402;24;7;1;2.266;0.116;1.029
nrt;Milieu_5;Plate_2;J2_16;6.602;1.080;0.293;17;5;1;2.129;0.100;0.988
nrt;Milieu_5;Plate_2;J2_17;10.014;1.080;0.213;12.33;4;3;1.973;0.124;1.461
nrt;Milieu_5;Plate_2;J2_18;6.586;1.078;0.216;11;3;1;2.158;0.105;1.189
nrt;Milieu_5;Plate_2;J2_19;5.849;1.113;0.163;7.67;1;3;1.901;0.103;1.078
nrt;Milieu_5;Plate_2;J2_20;3.35;1.089;0.163;7.67;1;3;1.901;0.180;2.364
nrt;Milieu_5;Plate_3;J3_1;6.833;1.044;0.141;9;9;1;1.672;0.132;2.084
nrt;Milieu_5;Plate_3;J3_2;6.221;1.076;0.301;14.5;1;4;1.824;0.250;4.423
nrt;Milieu_5;Plate_3;J3_3;7.038;1.090;0.301;14.5;1;4;1.824;0.146;2.389
nrt;Milieu_5;Plate_3;J3_4;5.911;1.099;0.301;14.5;1;4;1.824;0.072;0.994
nrt;Milieu_5;Plate_3;J3_5;5.239;1.112;0.210;11.5;4;2;2.561;0.165;2.763
nrt;Milieu_5;Plate_3;J3_6;7.106;1.075;0.133;8;3;2;1.759;0.191;2.906
nrt;Milieu_5;Plate_3;J3_7;1.889;1.123;0.068;2;11;1;0.538;0.058;0.849
nrt;Milieu_5;Plate_3;J3_8;5.573;1.081;0.157;13;10;1;1.535;0.153;2.392
nrt;Milieu_5;Plate_3;J3_9;6.997;1.065;0.159;7.5;6;2;3.139;0.123;2.221
nrt;Milieu_5;Plate_3;J3_10;6.974;1.091;0.173;10.5;7;2;2.172;0.083;1.424
nrt;Milieu_5;Plate_3;J3_11;4.079;1.068;0.073;4;12;1;0.228;0.122;2.352
nrt;Milieu_5;Plate_3;J3_12;2.561;1.140;0.088;4;8;2;0.882;0.018;0.236
nrt;Milieu_5;Plate_3;J3_13;4.541;1.086;0.088;4;8;2;0.882;0.247;4.640
nrt;Milieu_5;Plate_3;J3_14;10.033;1.055;0.173;10.5;7;2;2.172;0.118;2.124
nrt;Milieu_5;Plate_3;J3_15;7.492;1.105;0.159;7.5;6;2;3.139;0.071;0.815
nrt;Milieu_5;Plate_3;J3_16;5.672;1.090;0.139;9;5;1;0.000;0.116;1.786
nrt;Milieu_5;Plate_3;J3_17;5.355;1.075;0.133;8;3;2;1.759;0.075;1.428
nrt;Milieu_5;Plate_3;J3_18;8.98;1.099;0.215;14;2;1;2.879;0.283;5.276
nrt;Milieu_5;Plate_3;J3_19;10.475;1.085;0.210;11.5;4;2;2.561;0.109;2.033
nrt;Milieu_5;Plate_3;J3_20;9.164;1.123;0.301;14.5;1;4;1.824;0.231;3.845
sex1;Milieu_1;Plate_1;K1_1;0.438;1.082;0.013;1;1;1;0.000;0.013;0.297
sex1;Milieu_1;Plate_1;K1_2;0.103;1.031;0.006;1;3;1;0.000;0.004;0.107
sex1;Milieu_1;Plate_1;K1_3;1.273;1.116;0.033;2;4;1;0.244;0.010;0.277
sex1;Milieu_1;Plate_1;K1_4;0.477;1.704;0.009;0;5;1;0.000;0.009;0.206
sex1;Milieu_1;Plate_1;K1_5;2.799;1.095;0.058;2;7;2;0.428;0.041;1.115
sex1;Milieu_1;Plate_1;K1_6;1.016;1.083;0.022;1;8;1;0.000;0.011;0.276
sex1;Milieu_1;Plate_1;K1_7;0.18;1.168;0.006;1;11;1;0.000;0.006;0.157
sex1;Milieu_1;Plate_1;K1_8;0.37;1.054;0.007;0;13;1;0.000;0.003;0.077
sex1;Milieu_1;Plate_1;K1_9;0.503;1.071;0.012;0;15;1;0.000;0.011;0.211
sex1;Milieu_1;Plate_1;K1_10;0.592;1.147;0.009;1;16;1;0.000;0.009;0.177
sex1;Milieu_1;Plate_1;K1_11;0.26;1.077;0.006;1;14;1;0.000;0.010;0.183
sex1;Milieu_1;Plate_1;K1_12;0.2;1.068;0.005;0;12;1;0.000;0.006;0.115
sex1;Milieu_1;Plate_1;K1_13;0.085;1.049;0.001;0;10;1;0.000;0.009;0.181
sex1;Milieu_1;Plate_1;K1_14;0.493;1.256;0.008;0;9;1;0.000;0.010;0.220
sex1;Milieu_1;Plate_1;K1_15;0.431;1.759;0.058;2;7;2;0.428;0.012;0.226
sex1;Milieu_1;Plate_1;K1_16;0.571;1.043;0.009;0;6;1;0.000;0.012;0.209
sex1;Milieu_1;Plate_1;K1_17;0.577;1.800;0.010;0;2;1;0.000;0.009;0.188
sex1;Milieu_1;Plate_2;K2_1;1.573;1.142;0.061;1;3;1;0.000;0.023;0.479
sex1;Milieu_1;Plate_2;K2_2;1.336;1.074;0.030;1;6;1;0.000;0.012;0.259
sex1;Milieu_1;Plate_2;K2_3;0.638;1.327;0.009;1;7;1;0.000;0.014;0.187
sex1;Milieu_1;Plate_2;K2_4;0.376;1.269;0.008;0;8;1;0.000;0.006;0.114
sex1;Milieu_1;Plate_2;K2_5;0.494;1.153;0.017;1;11;1;0.000;0.010;0.221
sex1;Milieu_1;Plate_2;K2_6;2.308;1.060;0.085;5;12;1;0.546;0.034;0.814
sex1;Milieu_1;Plate_2;K2_7;1.318;1.081;0.026;0;14;1;0.000;0.006;0.120
sex1;Milieu_1;Plate_2;K2_8;0.874;1.136;0.018;1;18;1;0.000;0.009;0.176
sex1;Milieu_1;Plate_2;K2_9;0.362;1.094;0.008;1;17;1;0.000;0.008;0.129
sex1;Milieu_1;Plate_2;K2_10;0.244;1.203;0.007;1;16;1;0.000;0.012;0.168
sex1;Milieu_1;Plate_2;K2_11;0.283;1.112;0.009;1;15;1;0.000;0.008;0.153
sex1;Milieu_1;Plate_2;K2_12;0.176;1.071;0.007;1;13;1;0.000;0.008;0.122
sex1;Milieu_1;Plate_2;K2_13;1.294;1.106;0.029;1;10;1;0.000;0.012;0.209
sex1;Milieu_1;Plate_2;K2_14;0.321;1.082;0.007;1;9;1;0.000;0.012;0.185
sex1;Milieu_1;Plate_2;K2_15;1.44;1.103;0.048;2;5;1;0.031;0.031;0.684
sex1;Milieu_1;Plate_2;K2_16;1.081;1.119;0.034;3;4;1;0.072;0.010;0.145
sex1;Milieu_1;Plate_2;K2_17;0.491;1.045;0.012;0;2;1;0.000;0.010;0.187
sex1;Milieu_1;Plate_2;K2_18;0.231;1.028;0.004;0;1;1;0.000;0.007;0.118
sex1;Milieu_2;Plate_1;L1_1;5.247;1.172;0.096;2;1;1;2.240;0.044;0.873
sex1;Milieu_2;Plate_1;L1_2;7.548;1.212;0.159;3.5;2;2;1.560;0.070;1.570
sex1;Milieu_2;Plate_1;L1_3;7.609;1.196;0.159;3.5;2;2;1.560;0.059;1.431
sex1;Milieu_2;Plate_1;L1_4;6.224;1.157;0.145;5;3;1;1.153;0.085;1.648
sex1;Milieu_2;Plate_1;L1_5;4.782;1.348;0.202;9.2;4;5;1.410;0.120;2.599
sex1;Milieu_2;Plate_1;L1_6;7.511;1.393;0.202;9.2;4;5;1.410;0.072;1.372
sex1;Milieu_2;Plate_1;L1_7;5.8;1.165;0.202;9.2;4;5;1.410;0.081;1.727
sex1;Milieu_2;Plate_1;L1_8;6.883;1.134;0.202;9.2;4;5;1.410;0.051;1.029
sex1;Milieu_2;Plate_1;L1_9;5.168;1.171;0.202;9.2;4;5;1.410;0.049;1.055
sex1;Milieu_2;Plate_1;L1_10;4.428;1.178;0.233;11;5;3;1.547;0.127;2.476
sex1;Milieu_2;Plate_1;L1_11;6.876;1.156;0.233;11;5;3;1.547;0.048;0.904
sex1;Milieu_2;Plate_1;L1_12;4.823;1.136;0.128;5;6;1;1.739;0.086;1.440
sex1;Milieu_2;Plate_1;L1_13;7.438;1.230;0.312;16.5;8;2;2.523;0.090;1.650
sex1;Milieu_2;Plate_1;L1_14;3.568;1.206;0.114;4;9;1;1.217;0.166;2.844
sex1;Milieu_2;Plate_1;L1_15;10.336;1.161;0.312;16.5;8;2;2.523;0.145;2.969
sex1;Milieu_2;Plate_1;L1_16;7.06;1.175;0.210;8;7;1;1.517;0.069;1.472
sex1;Milieu_2;Plate_1;L1_17;7.818;1.157;0.233;11;5;3;1.547;0.075;1.727
sex1;Milieu_2;Plate_2;L2_1;8.181;1.160;0.128;1;1;2;0.000;0.037;0.900
sex1;Milieu_2;Plate_2;L2_2;4.471;1.205;0.128;1;1;2;0.000;0.031;0.611
sex1;Milieu_2;Plate_2;L2_3;6.329;1.097;0.158;8;2;1;1.833;0.060;1.220
sex1;Milieu_2;Plate_2;L2_4;10.197;1.144;0.295;12.5;3;2;1.841;0.061;1.284
sex1;Milieu_2;Plate_2;L2_5;7.554;1.142;0.295;12.5;3;2;1.841;0.117;2.587
sex1;Milieu_2;Plate_2;L2_6;8.743;1.149;0.268;11;4;1;1.502;0.102;1.875
sex1;Milieu_2;Plate_2;L2_7;7.342;1.336;0.296;12;7;1;1.846;0.075;1.159
sex1;Milieu_2;Plate_2;L2_8;3.895;1.297;0.116;3;8;1;0.390;0.066;1.145
sex1;Milieu_2;Plate_2;L2_9;8.365;1.193;0.270;10;9;1;1.939;0.141;2.131
sex1;Milieu_2;Plate_2;L2_10;1.698;1.144;0.051;2;6;1;0.926;0.052;0.698
sex1;Milieu_2;Plate_2;L2_11;6.181;1.184;0.230;9;5;1;2.017;0.094;1.383
sex1;Milieu_3;Plate_1;M1_1;0.13;1.237;0.004;0;2;1;0.000;0.011;0.101
sex1;Milieu_3;Plate_1;M1_2;0.436;1.036;0.007;0;3;1;0.000;0.015;0.138
sex1;Milieu_3;Plate_1;M1_3;0.095;1.058;0.005;0;6;1;0.000;0.011;0.134
sex1;Milieu_3;Plate_1;M1_4;1.023;1.066;0.021;1;7;1;0.000;0.030;0.457
sex1;Milieu_3;Plate_1;M1_5;0.93;1.213;0.029;1;9;1;0.000;0.018;0.265
sex1;Milieu_3;Plate_1;M1_6;0.406;1.093;0.013;1;11;1;0.000;0.016;0.167
sex1;Milieu_3;Plate_1;M1_7;1.017;1.122;0.028;1;12;1;0.000;0.021;0.218
sex1;Milieu_3;Plate_1;M1_8;0.085;1.049;0.006;1;14;1;0.000;0.005;0.036
sex1;Milieu_3;Plate_1;M1_9;7.072;1.078;0.183;6;15;1;1.123;0.151;2.232
sex1;Milieu_3;Plate_1;M1_10;0.339;1.010;0.007;0;16;1;0.000;0.013;0.138
sex1;Milieu_3;Plate_1;M1_11;0.31;1.057;0.012;1;13;1;0.000;0.016;0.127
sex1;Milieu_3;Plate_1;M1_12;0.952;1.144;0.023;0;10;1;0.000;0.020;0.215
sex1;Milieu_3;Plate_1;M1_13;0.132;1.073;0.005;0;8;1;0.000;0.014;0.371
sex1;Milieu_3;Plate_1;M1_14;4.553;1.123;0.169;3;5;1;0.503;0.139;1.976
sex1;Milieu_3;Plate_1;M1_15;0.298;1.068;0.005;0;4;1;0.000;0.012;0.126
sex1;Milieu_3;Plate_1;M1_16;2.068;1.085;0.040;0;1;1;0.000;0.027;0.427
sex1;Milieu_3;Plate_2;M2_1;0.611;1.274;0.014;0;1;1;0.000;0.015;0.193
sex1;Milieu_3;Plate_2;M2_2;0.174;1.077;0.010;1;3;1;0.000;0.014;0.147
sex1;Milieu_3;Plate_2;M2_3;0.225;1.367;0.011;1;4;1;0.000;0.010;0.110
sex1;Milieu_3;Plate_2;M2_4;3.342;1.060;0.072;1;6;1;0.000;0.057;0.722
sex1;Milieu_3;Plate_2;M2_5;0.066;1.033;0.005;1;7;1;0.000;0.010;0.081
sex1;Milieu_3;Plate_2;M2_6;2.266;1.066;0.056;2;9;1;0.261;0.031;0.373
sex1;Milieu_3;Plate_2;M2_7;2.636;1.135;0.064;2;11;1;1.152;0.044;0.509
sex1;Milieu_3;Plate_2;M2_8;0.295;1.080;0.012;2;13;1;0.000;0.014;0.133
sex1;Milieu_3;Plate_2;M2_9;0.905;1.054;0.023;1;14;1;0.000;0.015;0.178
sex1;Milieu_3;Plate_2;M2_10;0.483;1.102;0.017;1;12;1;0.000;0.017;0.163
sex1;Milieu_3;Plate_2;M2_11;0.068;1.000;0.004;0;10;1;0.000;0.012;0.140
sex1;Milieu_3;Plate_2;M2_12;0.478;1.033;0.014;1;8;1;0.000;0.012;0.149
sex1;Milieu_3;Plate_2;M2_13;0.745;1.034;0.020;1;5;1;0.000;0.017;0.211
sex1;Milieu_3;Plate_2;M2_14;0.583;1.043;0.012;1;2;1;0.000;0.009;0.115
sex1;Milieu_4;Plate_1;N1_1;7.792;1.237;0.219;8;2;1;1.269;0.160;3.600
sex1;Milieu_4;Plate_1;N1_2;1.35;1.269;0.026;0;1;1;0.000;0.006;0.119
sex1;Milieu_4;Plate_1;N1_3;5.431;1.117;0.169;5.67;4;3;1.171;0.066;1.366
sex1;Milieu_4;Plate_1;N1_4;1.893;1.197;0.047;1;3;1;0.000;0.019;0.373
sex1;Milieu_4;Plate_1;N1_5;8.56;1.110;0.169;5.67;4;3;1.171;0.200;4.810
sex1;Milieu_4;Plate_1;N1_6;4.958;1.178;0.169;5.67;4;3;1.171;0.066;1.298
sex1;Milieu_4;Plate_1;N1_7;10.726;1.122;0.218;9.5;5;6;1.980;0.279;6.256
sex1;Milieu_4;Plate_1;N1_8;4.12;1.136;0.218;9.5;5;6;1.980;0.069;1.519
sex1;Milieu_4;Plate_1;N1_9;9.264;1.175;0.218;9.5;5;6;1.980;0.120;2.680
sex1;Milieu_4;Plate_1;N1_10;5.578;1.195;0.218;9.5;5;6;1.980;0.059;1.557
sex1;Milieu_4;Plate_1;N1_11;8.648;1.198;0.248;14;6;5;2.158;0.222;5.066
sex1;Milieu_4;Plate_1;N1_12;6.077;1.136;0.248;14;6;5;2.158;0.074;1.673
sex1;Milieu_4;Plate_1;N1_13;8.923;1.319;0.248;14;6;5;2.158;0.170;3.965
sex1;Milieu_4;Plate_1;N1_14;8.254;1.207;0.248;14;6;5;2.158;0.096;2.141
sex1;Milieu_4;Plate_1;N1_15;2.468;1.131;0.069;4;7;1;0.113;0.020;0.453
sex1;Milieu_4;Plate_1;N1_16;7.336;1.178;0.218;9.5;5;6;1.980;0.128;3.033
sex1;Milieu_4;Plate_1;N1_17;7.105;1.211;0.248;14;6;5;2.158;0.174;4.268
sex1;Milieu_4;Plate_1;N1_18;5.618;1.159;0.218;9.5;5;6;1.980;0.120;2.884
sex1;Milieu_4;Plate_2;N2_1;10.47;1.128;0.219;5.5;2;4;2.100;0.130;3.229
sex1;Milieu_4;Plate_2;N2_2;6.383;1.108;0.144;4;1;1;2.144;0.155;3.720
sex1;Milieu_4;Plate_2;N2_3;7.256;1.121;0.219;5.5;2;4;2.100;0.069;1.460
sex1;Milieu_4;Plate_2;N2_4;6.068;1.145;0.219;5.5;2;4;2.100;0.051;1.301
sex1;Milieu_4;Plate_2;N2_5;10.057;1.385;0.219;5.5;2;4;2.100;0.143;2.980
sex1;Milieu_4;Plate_2;N2_6;2.12;1.487;0.043;2;3;1;0.337;0.078;1.611
sex1;Milieu_4;Plate_2;N2_7;8.314;1.166;0.216;10.5;4;2;1.935;0.111;2.330
sex1;Milieu_4;Plate_2;N2_8;6.872;1.125;0.216;10.5;4;2;1.935;0.025;0.583
sex1;Milieu_4;Plate_2;N2_9;8.864;1.154;0.246;9;5;1;1.971;0.118;2.622
sex1;Milieu_4;Plate_2;N2_10;5.391;1.131;0.180;5.5;6;2;2.167;0.162;3.003
sex1;Milieu_4;Plate_2;N2_11;7.444;1.120;0.180;5.5;6;2;2.167;0.111;2.631
sex1;Milieu_4;Plate_2;N2_12;8.845;1.125;0.241;11;7;4;2.482;0.371;8.099
sex1;Milieu_4;Plate_2;N2_13;10.398;1.100;0.241;11;7;4;2.482;0.107;2.133
sex1;Milieu_4;Plate_2;N2_14;7.745;1.149;0.150;8.5;8;2;2.186;0.089;1.968
sex1;Milieu_4;Plate_2;N2_15;3.295;1.156;0.150;8.5;8;2;2.186;0.106;2.328
sex1;Milieu_4;Plate_2;N2_16;1.072;1.284;0.241;11;7;4;2.482;0.126;2.882
sex1;Milieu_4;Plate_2;N2_17;6.838;1.115;0.241;11;7;4;2.482;0.041;0.802
sex1;Milieu_5;Plate_1;O1_1;1.347;1.089;0.037;1;2;1;0.000;0.020;0.276
sex1;Milieu_5;Plate_1;O1_2;0.231;1.069;0.011;1;3;1;0.000;0.009;0.136
sex1;Milieu_5;Plate_1;O1_3;0.584;1.078;0.021;2;5;1;0.142;0.021;0.269
sex1;Milieu_5;Plate_1;O1_4;3.874;1.070;0.121;4;6;1;1.042;0.061;1.057
sex1;Milieu_5;Plate_1;O1_5;0.155;1.046;0.009;0;1;1;0.000;0.008;0.146
sex1;Milieu_5;Plate_1;O1_6;0.188;1.018;0.006;0;4;1;0.000;0.019;0.240
sex1;Milieu_5;Plate_1;O1_7;5.987;1.047;0.121;4;7;2;1.454;0.136;2.152
sex1;Milieu_5;Plate_1;O1_8;0.803;1.131;0.121;4;7;2;1.454;0.034;0.388
sex1;Milieu_5;Plate_1;O1_9;0.955;1.068;0.031;0;8;1;0.000;0.028;0.293
sex1;Milieu_5;Plate_1;O1_10;0.55;1.126;0.021;1;9;1;0.000;0.019;0.209
sex1;Milieu_5;Plate_1;O1_11;0.896;1.080;0.031;0;10;1;0.000;0.013;0.176
sex1;Milieu_5;Plate_1;O1_12;0.465;1.054;0.014;1;14;1;0.000;0.021;0.285
sex1;Milieu_5;Plate_1;O1_13;6.41;1.083;0.217;8;12;1;2.207;0.096;1.959
sex1;Milieu_5;Plate_1;O1_14;0.46;1.059;0.023;2;11;1;0.000;0.013;0.161
sex1;Milieu_5;Plate_1;O1_15;2.292;1.058;0.057;1;13;1;0.000;0.025;0.276
sex1;Milieu_5;Plate_1;O1_16;3.073;1.073;0.080;3;16;1;0.000;0.046;0.860
sex1;Milieu_5;Plate_1;O1_17;0.303;1.082;0.019;1;15;1;0.000;0.020;0.267
sex1;Milieu_5;Plate_2;O2_1;0.455;1.157;0.013;0;1;1;0.000;0.012;0.192
sex1;Milieu_5;Plate_2;O2_2;0.191;1.058;0.022;1;5;1;0.000;0.014;0.159
sex1;Milieu_5;Plate_2;O2_3;4.779;1.095;0.126;5;3;1;1.733;0.091;1.648
sex1;Milieu_5;Plate_2;O2_4;0.957;1.055;0.017;0;2;1;0.000;0.028;0.482
sex1;Milieu_5;Plate_2;O2_5;0.218;1.082;0.013;0;4;1;0.000;0.020;0.293
sex1;Milieu_5;Plate_2;O2_6;0.809;1.221;0.027;0;6;1;0.000;0.012;0.159
sex1;Milieu_5;Plate_2;O2_7;0.415;1.065;0.015;0;7;1;0.000;0.022;0.291
sex1;Milieu_5;Plate_2;O2_8;1.35;1.073;0.043;1;8;1;0.000;0.025;0.273
sex1;Milieu_5;Plate_2;O2_9;5.374;1.071;0.161;9;10;1;1.871;0.008;0.119
sex1;Milieu_5;Plate_2;O2_10;0.254;1.104;0.015;1;9;1;0.000;0.019;0.219
sex1;Milieu_5;Plate_2;O2_11;0.414;1.060;0.015;1;11;1;0.000;0.017;0.186
sex1;Milieu_5;Plate_2;O2_12;0.821;1.143;0.025;0;12;1;0.000;0.030;0.382
sex1;Milieu_5;Plate_2;O2_13;0.701;1.091;0.029;2;13;1;0.000;0.166;2.547
sex1;Milieu_5;Plate_2;O2_14;0.524;1.071;0.023;1;15;1;0.000;0.023;0.215
sex1;Milieu_5;Plate_2;O2_15;0.123;1.086;0.008;1;16;1;0.000;0.016;0.155
sex1;Milieu_5;Plate_2;O2_16;0.369;1.077;0.012;1;14;1;0.000;0.034;0.353
sex1;Milieu_5;Plate_2;O2_17;0.894;1.120;0.016;0;17;1;0.000;0.028;0.325
pgm;Milieu_1;Plate_1;P1_1;0.839;1.082;0.029;2;1;1;0.000;0.018;0.279
pgm;Milieu_1;Plate_1;P1_2;10.159;1.087;0.211;8.33;3;3;2.299;0.194;3.786
pgm;Milieu_1;Plate_1;P1_3;5.238;1.131;0.211;8.33;3;3;2.299;0.046;1.021
pgm;Milieu_1;Plate_1;P1_4;0.507;1.093;0.027;1;5;1;0.000;0.015;0.181
pgm;Milieu_1;Plate_1;P1_5;1.05;1.085;0.052;4;6;1;0.440;0.028;0.330
pgm;Milieu_1;Plate_1;P1_6;9.552;1.132;0.297;12.33;8;3;2.553;0.143;2.544
pgm;Milieu_1;Plate_1;P1_7;9.191;1.122;0.297;12.33;8;3;2.553;0.009;0.099
pgm;Milieu_1;Plate_1;P1_8;0.113;1.301;0.004;0;10;1;0.000;0.092;1.813
pgm;Milieu_1;Plate_1;P1_9;5.188;1.140;0.256;12;11;1;1.435;0.006;0.111
pgm;Milieu_1;Plate_1;P1_10;0.921;1.123;0.037;2;12;1;0.027;0.039;0.798
pgm;Milieu_1;Plate_1;P1_11;7.364;1.216;0.392;22;9;1;1.929;0.017;0.228
pgm;Milieu_1;Plate_1;P1_12;4.002;1.128;0.297;12.33;8;3;2.553;0.172;3.299
pgm;Milieu_1;Plate_1;P1_13;0.335;1.087;0.016;1;7;1;0.000;0.040;0.505
pgm;Milieu_1;Plate_1;P1_14;6.834;1.105;0.211;8.33;3;3;2.299;0.160;2.841
pgm;Milieu_1;Plate_1;P1_15;0.783;1.076;0.034;2;4;1;0.025;0.021;0.336
pgm;Milieu_1;Plate_1;P1_16;6.687;1.153;0.273;13;2;1;2.307;0.110;1.883
pgm;Milieu_2;Plate_1;Q1_1;6.266;1.203;0.102;2.5;1;2;2.555;0.077;0.531
pgm;Milieu_2;Plate_1;Q1_2;1.833;1.227;0.102;2.5;1;2;2.555;0.049;0.335
pgm;Milieu_2;Plate_1;Q1_3;0.77;1.113;0.033;2;3;1;0.468;0.173;1.130
pgm;Milieu_2;Plate_1;Q1_4;9.815;1.200;0.311;16;2;3;2.672;0.053;0.366
pgm;Milieu_2;Plate_1;Q1_5;8.39;1.135;0.311;16;2;3;2.672;0.171;1.197
pgm;Milieu_2;Plate_1;Q1_6;7.701;1.350;0.311;16;2;3;2.672;0.265;2.147
pgm;Milieu_2;Plate_1;Q1_7;7.069;1.187;0.340;15;4;1;2.303;0.075;0.837
pgm;Milieu_2;Plate_1;Q1_8;4.894;1.254;0.124;6;5;1;1.534;0.029;0.187
pgm;Milieu_2;Plate_1;Q1_9;7.822;1.233;0.229;12;6;1;2.318;0.103;0.856
pgm;Milieu_2;Plate_1;Q1_10;8.233;1.191;0.283;14;7;1;2.664;0.064;0.481
pgm;Milieu_2;Plate_1;Q1_11;8.044;1.203;0.279;11.5;8;2;2.392;0.021;0.157
pgm;Milieu_2;Plate_1;Q1_12;6.691;1.120;0.279;11.5;8;2;2.392;0.107;0.845
pgm;Milieu_2;Plate_1;Q1_13;10.452;1.252;0.258;14.33;9;6;2.794;0.153;1.158
pgm;Milieu_2;Plate_1;Q1_14;2.578;1.108;0.258;14.33;9;6;2.794;0.094;0.818
pgm;Milieu_2;Plate_1;Q1_15;7.307;1.179;0.258;14.33;9;6;2.794;0.191;2.053
pgm;Milieu_2;Plate_1;Q1_16;8.576;1.160;0.258;14.33;9;6;2.794;0.160;1.107
pgm;Milieu_2;Plate_1;Q1_17;3.058;1.164;0.258;14.33;9;6;2.794;0.059;0.336
pgm;Milieu_2;Plate_1;Q1_18;4.906;1.167;0.258;14.33;9;6;2.794;0.156;1.526
pgm;Milieu_2;Plate_2;Q2_1;6.146;1.149;0.164;8;1;2;1.948;0.043;0.406
pgm;Milieu_2;Plate_2;Q2_2;1.614;1.086;0.164;8;1;2;1.948;0.134;0.930
pgm;Milieu_2;Plate_2;Q2_3;9.907;1.171;0.546;28;2;2;2.847;0.165;1.271
pgm;Milieu_2;Plate_2;Q2_4;10.207;1.179;0.546;28;2;2;2.847;0.226;1.787
pgm;Milieu_2;Plate_2;Q2_5;0.993;1.060;0.017;1;4;1;0.000;0.011;0.085
pgm;Milieu_2;Plate_2;Q2_6;9.264;1.168;0.508;22.43;3;7;2.880;0.101;0.785
pgm;Milieu_2;Plate_2;Q2_7;1.201;1.063;0.508;22.43;3;7;2.880;0.065;0.594
pgm;Milieu_2;Plate_2;Q2_8;9.884;1.168;0.508;22.43;3;7;2.880;0.150;1.208
pgm;Milieu_2;Plate_2;Q2_9;10.7;1.202;0.508;22.43;3;7;2.880;0.093;0.827
pgm;Milieu_2;Plate_2;Q2_10;8.94;1.246;0.508;22.43;3;7;2.880;0.131;1.111
pgm;Milieu_2;Plate_2;Q2_11;4.095;1.220;0.508;22.43;3;7;2.880;0.123;1.005
pgm;Milieu_2;Plate_2;Q2_12;11.152;1.242;0.508;22.43;3;7;2.880;0.158;1.465
pgm;Milieu_2;Plate_2;Q2_13;5.735;1.102;0.154;6.67;5;3;1.935;0.124;1.148
pgm;Milieu_2;Plate_2;Q2_14;4.635;1.335;0.154;6.67;5;3;1.935;0.104;0.924
pgm;Milieu_2;Plate_2;Q2_15;5.703;1.288;0.154;6.67;5;3;1.935;0.107;0.865
pgm;Milieu_3;Plate_1;R1_1;0.296;1.327;0.013;1;2;1;0.000;0.008;0.050
pgm;Milieu_3;Plate_1;R1_2;5.412;1.128;0.133;5;3;5;0.888;0.171;1.526
pgm;Milieu_3;Plate_1;R1_3;2.807;1.118;0.133;5;3;5;0.888;0.018;0.153
pgm;Milieu_3;Plate_1;R1_4;4.682;1.107;0.133;5;3;5;0.888;0.074;0.540
pgm;Milieu_3;Plate_1;R1_5;3.533;1.154;0.133;5;3;5;0.888;0.059;0.510
pgm;Milieu_3;Plate_1;R1_6;3.988;1.100;0.133;5;3;5;0.888;0.114;1.031
pgm;Milieu_3;Plate_1;R1_7;0.738;1.088;0.026;1;5;1;0.000;0.007;0.049
pgm;Milieu_3;Plate_1;R1_8;0.301;1.068;0.011;0;4;1;0.000;0.007;0.027
pgm;Milieu_3;Plate_1;R1_9;7.427;1.097;0.108;7.33;6;3;1.800;0.168;1.534
pgm;Milieu_3;Plate_1;R1_10;0.425;1.119;0.108;7.33;6;3;1.800;0.016;0.116
pgm;Milieu_3;Plate_1;R1_11;2.012;1.267;0.108;7.33;6;3;1.800;0.050;0.440
pgm;Milieu_3;Plate_1;R1_12;4.054;1.102;0.172;10;8;1;1.347;0.097;0.828
pgm;Milieu_3;Plate_1;R1_13;7.383;1.123;0.223;17;7;2;1.892;0.306;3.637
pgm;Milieu_3;Plate_1;R1_14;5.232;1.088;0.223;17;7;2;1.892;0.203;1.784
pgm;Milieu_3;Plate_1;R1_15;2.31;1.135;0.073;6;1;1;0.886;0.241;1.919
pgm;Milieu_3;Plate_2;R2_1;4.117;1.202;0.140;12;1;1;1.091;0.103;0.965
pgm;Milieu_3;Plate_2;R2_2;0.973;1.081;0.028;1;4;1;0.000;0.018;0.166
pgm;Milieu_3;Plate_2;R2_3;0.816;1.075;0.028;2;6;1;0.382;0.024;0.284
pgm;Milieu_3;Plate_2;R2_4;0.477;1.069;0.021;1;8;1;0.000;0.017;0.159
pgm;Milieu_3;Plate_2;R2_5;0.481;1.155;0.015;0;9;1;0.000;0.009;0.069
pgm;Milieu_3;Plate_2;R2_6;1.043;1.090;0.067;5;12;1;0.447;0.029;0.277
pgm;Milieu_3;Plate_2;R2_7;5.066;1.132;0.295;13;14;1;1.434;0.195;2.264
pgm;Milieu_3;Plate_2;R2_8;6.869;1.146;0.133;9;13;3;2.384;0.113;1.167
pgm;Milieu_3;Plate_2;R2_9;1.221;1.132;0.133;9;13;3;2.384;0.072;0.742
pgm;Milieu_3;Plate_2;R2_10;0.461;1.037;0.133;9;13;3;2.384;0.027;0.353
pgm;Milieu_3;Plate_2;R2_11;0.48;1.165;0.039;3;15;1;0.052;0.003;0.077
pgm;Milieu_3;Plate_2;R2_12;0.257;1.055;0.010;0;17;1;0.000;0.015;0.100
pgm;Milieu_3;Plate_2;R2_13;0.341;1.057;0.011;0;19;1;0.000;0.017;0.117
pgm;Milieu_3;Plate_2;R2_14;0.437;1.134;0.028;2;18;1;0.000;0.022;0.202
pgm;Milieu_3;Plate_2;R2_15;7.435;1.158;0.277;12;16;1;2.211;0.246;3.575
pgm;Milieu_3;Plate_2;R2_16;3.596;1.084;0.111;7;11;1;1.294;0.057;0.646
pgm;Milieu_3;Plate_2;R2_17;0.592;1.080;0.034;2;10;1;0.216;0.030;0.305
pgm;Milieu_3;Plate_2;R2_18;1.372;1.056;0.063;5;7;1;0.466;0.034;0.443
pgm;Milieu_3;Plate_2;R2_19;5.902;1.182;0.242;10;5;1;1.721;0.131;1.628
pgm;Milieu_3;Plate_2;R2_20;4.844;1.171;0.235;11;3;1;1.604;0.114;1.334
pgm;Milieu_3;Plate_2;R2_21;2.602;1.143;0.088;3;2;1;0.852;0.038;0.439
pgm;Milieu_4;Plate_1;S1_1;1.104;1.243;0.030;1;3;1;0.000;0.079;1.651
pgm;Milieu_4;Plate_1;S1_2;6.729;1.256;0.264;10;2;1;1.518;0.172;3.854
pgm;Milieu_4;Plate_1;S1_3;6.499;1.097;0.068;1;1;1;0.000;0.117;2.704
pgm;Milieu_4;Plate_1;S1_4;5.242;1.268;0.272;10;4;5;2.386;0.241;5.419
pgm;Milieu_4;Plate_1;S1_5;8.629;1.119;0.272;10;4;5;2.386;0.301;6.402
pgm;Milieu_4;Plate_1;S1_6;11.128;1.248;0.272;10;4;5;2.386;0.143;3.016
pgm;Milieu_4;Plate_1;S1_7;3.175;1.141;0.272;10;4;5;2.386;0.064;1.058
pgm;Milieu_4;Plate_1;S1_8;6.247;1.073;0.272;10;4;5;2.386;0.107;2.142
pgm;Milieu_4;Plate_1;S1_9;6.936;1.248;0.330;11.89;5;9;2.794;0.270;5.888
pgm;Milieu_4;Plate_1;S1_10;7.981;1.249;0.330;11.89;5;9;2.794;0.031;0.612
pgm;Milieu_4;Plate_1;S1_11;9.909;1.127;0.330;11.89;5;9;2.794;0.191;4.587
pgm;Milieu_4;Plate_1;S1_12;12.402;1.223;0.330;11.89;5;9;2.794;0.254;5.553
pgm;Milieu_4;Plate_1;S1_13;5.411;1.355;0.330;11.89;5;9;2.794;0.240;4.378
pgm;Milieu_4;Plate_1;S1_14;5.286;1.124;0.330;11.89;5;9;2.794;0.183;3.914
pgm;Milieu_4;Plate_1;S1_15;5.213;1.303;0.330;11.89;5;9;2.794;0.205;4.390
pgm;Milieu_4;Plate_1;S1_16;4.989;1.091;0.330;11.89;5;9;2.794;0.160;3.363
pgm;Milieu_4;Plate_1;S1_17;8.629;1.113;0.330;11.89;5;9;2.794;0.002;0.039
pgm;Milieu_4;Plate_1;S1_18;4.806;1.174;0.194;8;6;1;1.144;0.112;2.261
pgm;Milieu_4;Plate_1;S1_19;2.662;1.244;0.230;11.5;7;2;2.044;0.175;3.842
pgm;Milieu_4;Plate_1;S1_20;7.405;1.196;0.230;11.5;7;2;2.044;0.162;3.479
pgm;Milieu_4;Plate_2;S2_1;3.112;1.243;0.085;4;2;1;0.579;0.028;0.476
pgm;Milieu_4;Plate_2;S2_2;2.162;1.135;0.056;2;4;1;0.498;0.002;0.030
pgm;Milieu_4;Plate_2;S2_3;5.031;1.134;0.131;4;6;1;0.393;0.054;1.087
pgm;Milieu_4;Plate_2;S2_4;9.263;1.133;0.273;9.33;7;3;2.558;0.189;3.428
pgm;Milieu_4;Plate_2;S2_5;4.338;1.120;0.273;9.33;7;3;2.558;0.207;3.840
pgm;Milieu_4;Plate_2;S2_6;2.267;1.121;0.058;2;8;1;0.970;0.048;0.725
pgm;Milieu_4;Plate_2;S2_7;4.088;1.176;0.173;6.75;5;4;1.984;0.080;1.472
pgm;Milieu_4;Plate_2;S2_8;1.318;1.190;0.173;6.75;5;4;1.984;0.151;3.326
pgm;Milieu_4;Plate_2;S2_9;2.374;1.170;0.173;6.75;5;4;1.984;0.057;1.227
pgm;Milieu_4;Plate_2;S2_10;7.61;1.230;0.173;6.75;5;4;1.984;0.101;2.073
pgm;Milieu_4;Plate_2;S2_11;3.764;1.156;0.208;8.5;3;2;3.277;0.102;2.106
pgm;Milieu_4;Plate_2;S2_12;7.034;1.260;0.288;18;1;1;1.930;0.154;2.985
pgm;Milieu_4;Plate_2;S2_13;8.894;1.624;0.208;8.5;3;2;3.277;0.188;4.761
pgm;Milieu_4;Plate_2;S2_14;4.828;1.271;0.273;9.33;7;3;2.558;0.160;2.894
pgm;Milieu_4;Plate_2;S2_15;7.267;1.216;0.246;8.88;9;8;2.103;0.111;2.229
pgm;Milieu_4;Plate_2;S2_16;6.782;1.196;0.246;8.88;9;8;2.103;0.058;0.933
pgm;Milieu_4;Plate_2;S2_17;7.619;1.164;0.246;8.88;9;8;2.103;0.135;2.473
pgm;Milieu_4;Plate_2;S2_18;3.322;1.141;0.246;8.88;9;8;2.103;0.110;1.900
pgm;Milieu_4;Plate_2;S2_19;1.948;1.184;0.246;8.88;9;8;2.103;0.199;4.060
pgm;Milieu_4;Plate_2;S2_20;5.653;1.134;0.246;8.88;9;8;2.103;0.083;1.396
pgm;Milieu_4;Plate_2;S2_21;6.106;1.262;0.246;8.88;9;8;2.103;0.159;2.885
pgm;Milieu_4;Plate_2;S2_22;2.855;1.195;0.246;8.88;9;8;2.103;0.100;1.780
pgm;Milieu_5;Plate_1;T1_1;1.436;1.151;0.062;4;3;1;0.391;0.031;0.627
pgm;Milieu_5;Plate_1;T1_2;1.277;1.085;0.044;1;5;1;0.000;0.012;0.228
pgm;Milieu_5;Plate_1;T1_3;5.999;1.067;0.256;10;7;1;2.161;0.128;3.169
pgm;Milieu_5;Plate_1;T1_4;5.879;1.081;0.120;4.5;9;2;0.762;0.015;0.317
pgm;Milieu_5;Plate_1;T1_5;0.596;1.051;0.020;1;10;1;0.000;0.075;1.755
pgm;Milieu_5;Plate_1;T1_6;1.494;1.097;0.055;3;11;1;0.000;0.014;0.347
pgm;Milieu_5;Plate_1;T1_7;0.547;1.152;0.120;4.5;9;2;0.762;0.019;0.361
pgm;Milieu_5;Plate_1;T1_8;0.501;1.052;0.032;3;8;1;0.260;0.045;0.902
pgm;Milieu_5;Plate_1;T1_9;1.403;1.112;0.086;9;6;1;0.478;0.024;0.438
pgm;Milieu_5;Plate_1;T1_10;2.938;1.079;0.132;3;4;1;1.374;0.044;0.918
pgm;Milieu_5;Plate_1;T1_11;0.479;1.075;0.028;1;2;1;0.000;0.015;0.340
pgm;Milieu_5;Plate_1;T1_12;2.525;1.118;0.160;5;1;1;0.456;0.085;2.012
pgm;Milieu_5;Plate_2;T2_1;0.231;1.212;0.015;1;3;1;0.000;0.011;0.126
pgm;Milieu_5;Plate_2;T2_2;2.238;1.071;0.074;3;7;1;0.025;0.012;0.119
pgm;Milieu_5;Plate_2;T2_3;5.884;1.098;0.355;18;8;1;1.670;0.134;2.304
pgm;Milieu_5;Plate_2;T2_4;4.548;1.065;0.223;10;10;1;1.360;0.076;1.298
pgm;Milieu_5;Plate_2;T2_5;6.447;1.076;0.145;6.25;14;4;1.389;0.162;3.066
pgm;Milieu_5;Plate_2;T2_6;2.298;1.079;0.145;6.25;14;4;1.389;0.024;0.348
pgm;Milieu_5;Plate_2;T2_7;2.802;1.148;0.145;6.25;14;4;1.389;0.019;0.294
pgm;Milieu_5;Plate_2;T2_8;3.638;1.116;0.157;11;12;1;1.299;0.042;0.487
pgm;Milieu_5;Plate_2;T2_9;3.872;1.107;0.115;6.5;11;2;0.989;0.107;1.816
pgm;Milieu_5;Plate_2;T2_10;0.365;1.086;0.022;3;13;1;0.059;0.048;0.646
pgm;Milieu_5;Plate_2;T2_11;0.746;1.081;0.145;6.25;14;4;1.389;0.050;0.749
pgm;Milieu_5;Plate_2;T2_12;5.765;1.067;0.271;11;15;1;1.918;0.157;3.101
pgm;Milieu_5;Plate_2;T2_13;5.521;1.096;0.243;11;16;1;1.995;0.184;3.235
pgm;Milieu_5;Plate_2;T2_14;0.837;1.121;0.040;3;9;1;0.035;0.042;0.531
pgm;Milieu_5;Plate_2;T2_15;0.999;1.111;0.063;1;6;1;0.000;0.051;0.484
pgm;Milieu_5;Plate_2;T2_16;0.546;1.097;0.031;1;5;1;0.000;0.023;0.330
pgm;Milieu_5;Plate_2;T2_17;2.956;1.090;0.121;4;4;1;0.859;0.061;1.114
pgm;Milieu_5;Plate_2;T2_18;0.766;1.148;0.043;1;2;1;0.000;0.025;0.348
pgm;Milieu_5;Plate_2;T2_19;0.989;1.095;0.032;2;1;1;0.349;0.020;0.403
pgm;Milieu_5;Plate_2;T2_20;0.197;1.092;0.115;6.5;11;2;0.989;0.033;0.543
