4;A1_1;3.176
5;A1_1;1.092
6;A1_1;0.225
7;A1_1;9.60
10;A1_1;2.569
11;A1_1;0.094
12;A1_1;1.603
4;A1_2;1.525
5;A1_2;1.085
6;A1_2;0.055
7;A1_2;1.00
10;A1_2;0.000
11;A1_2;0.017
12;A1_2;0.264
4;A1_3;1.134
5;A1_3;1.081
6;A1_3;0.225
7;A1_3;9.60
10;A1_3;2.569
11;A1_3;0.015
12;A1_3;0.175
4;A1_4;0.816
5;A1_4;1.030
6;A1_4;0.016
7;A1_4;0.00
10;A1_4;0.000
11;A1_4;0.017
12;A1_4;0.183
4;A1_5;5.99
5;A1_5;1.105
6;A1_5;0.297
7;A1_5;10.36
10;A1_5;2.699
11;A1_5;0.068
12;A1_5;1.310
4;A1_6;6.638
5;A1_6;1.064
6;A1_6;0.297
7;A1_6;10.36
10;A1_6;2.699
11;A1_6;0.083
12;A1_6;1.605
4;A1_7;6.407
5;A1_7;1.178
6;A1_7;0.297
7;A1_7;10.36
10;A1_7;2.699
11;A1_7;0.136
12;A1_7;2.777
4;A1_8;4.743
5;A1_8;1.087
6;A1_8;0.297
7;A1_8;10.36
10;A1_8;2.699
11;A1_8;0.146
12;A1_8;2.896
4;A1_9;6.232
5;A1_9;1.080
6;A1_9;0.297
7;A1_9;10.36
10;A1_9;2.699
11;A1_9;0.047
12;A1_9;0.913
4;A1_10;7.076
5;A1_10;1.120
6;A1_10;0.396
7;A1_10;18.00
10;A1_10;1.905
11;A1_10;0.131
12;A1_10;2.601
4;A1_11;7.379
5;A1_11;1.077
6;A1_11;0.297
7;A1_11;10.36
10;A1_11;2.699
11;A1_11;0.103
12;A1_11;2.565
4;A1_12;10.335
5;A1_12;1.117
6;A1_12;0.297
7;A1_12;10.36
10;A1_12;2.699
11;A1_12;0.078
12;A1_12;2.207
4;A1_13;10.417
5;A1_13;1.089
6;A1_13;0.297
7;A1_13;10.36
10;A1_13;2.699
11;A1_13;0.081
12;A1_13;2.590
4;A1_14;11.232
5;A1_14;1.154
6;A1_14;0.297
7;A1_14;10.36
10;A1_14;2.699
11;A1_14;0.191
12;A1_14;5.549
4;A1_15;5.319
5;A1_15;1.130
6;A1_15;0.297
7;A1_15;10.36
10;A1_15;2.699
11;A1_15;0.204
12;A1_15;5.359
4;A1_16;10.171
5;A1_16;1.142
6;A1_16;0.297
7;A1_16;10.36
10;A1_16;2.699
11;A1_16;0.116
12;A1_16;3.348
4;A1_17;0.873
5;A1_17;1.047
6;A1_17;0.031
7;A1_17;3.00
10;A1_17;0.253
11;A1_17;0.028
12;A1_17;0.758
4;A1_18;10.206
5;A1_18;1.079
6;A1_18;0.225
7;A1_18;9.60
10;A1_18;2.569
11;A1_18;0.250
12;A1_18;5.416
4;A1_19;8.004
5;A1_19;1.085
6;A1_19;0.225
7;A1_19;9.60
10;A1_19;2.569
11;A1_19;0.169
12;A1_19;3.777
4;A1_20;3.832
5;A1_20;1.089
6;A1_20;0.225
7;A1_20;9.60
10;A1_20;2.569
11;A1_20;0.041
12;A1_20;1.194
4;A2_1;1.143
5;A2_1;1.127
6;A2_1;0.030
7;A2_1;2.00
10;A2_1;0.019
11;A2_1;0.024
12;A2_1;0.293
4;A2_2;6.391
5;A2_2;1.078
6;A2_2;0.315
7;A2_2;14.00
10;A2_2;2.381
11;A2_2;0.163
12;A2_2;2.571
4;A2_3;0.848
5;A2_3;1.071
6;A2_3;0.020
7;A2_3;1.00
10;A2_3;0.000
11;A2_3;0.018
12;A2_3;0.158
4;A2_4;2.461
5;A2_4;1.074
6;A2_4;0.191
7;A2_4;6.00
10;A2_4;2.571
11;A2_4;0.025
12;A2_4;0.389
4;A2_5;0.487
5;A2_5;1.083
6;A2_5;0.191
7;A2_5;6.00
10;A2_5;2.571
11;A2_5;0.014
12;A2_5;0.134
4;A2_6;7.081
5;A2_6;1.082
6;A2_6;0.290
7;A2_6;13.00
10;A2_6;1.673
11;A2_6;0.072
12;A2_6;1.296
4;A2_7;5.739
5;A2_7;1.069
6;A2_7;0.159
7;A2_7;6.25
10;A2_7;2.955
11;A2_7;0.140
12;A2_7;2.197
4;A2_8;0.761
5;A2_8;1.087
6;A2_8;0.159
7;A2_8;6.25
10;A2_8;2.955
11;A2_8;0.018
12;A2_8;0.223
4;A2_9;1.895
5;A2_9;1.061
6;A2_9;0.035
7;A2_9;1.00
10;A2_9;0.000
11;A2_9;0.024
12;A2_9;0.335
4;A2_10;10.62
5;A2_10;1.110
6;A2_10;0.159
7;A2_10;6.25
10;A2_10;2.955
11;A2_10;0.185
12;A2_10;3.078
4;A2_11;4.184
5;A2_11;1.072
6;A2_11;0.159
7;A2_11;6.25
10;A2_11;2.955
11;A2_11;0.115
12;A2_11;2.157
4;A2_12;2.664
5;A2_12;1.079
6;A2_12;0.055
7;A2_12;1.00
10;A2_12;0.000
11;A2_12;0.024
12;A2_12;0.392
4;A2_13;10.239
5;A2_13;1.082
6;A2_13;0.191
7;A2_13;6.00
10;A2_13;2.571
11;A2_13;0.021
12;A2_13;0.347
4;A2_14;4.371
5;A2_14;1.083
6;A2_14;0.191
7;A2_14;6.00
10;A2_14;2.571
11;A2_14;0.130
12;A2_14;2.059
4;A2_15;5.218
5;A2_15;1.074
6;A2_15;0.191
7;A2_15;6.00
10;A2_15;2.571
11;A2_15;0.107
12;A2_15;1.809
4;A2_16;2.638
5;A2_16;1.057
6;A2_16;0.063
7;A2_16;2.00
10;A2_16;0.933
11;A2_16;0.028
12;A2_16;0.402
4;A2_17;9.805
5;A2_17;1.082
6;A2_17;0.315
7;A2_17;14.00
10;A2_17;2.381
11;A2_17;0.016
12;A2_17;0.226
4;A2_18;3.108
5;A2_18;1.084
6;A2_18;0.129
7;A2_18;6.00
10;A2_18;0.100
11;A2_18;0.159
12;A2_18;2.506
4;A2_19;10.268
5;A2_19;1.105
6;A2_19;0.340
7;A2_19;13.00
10;A2_19;2.476
11;A2_19;0.098
12;A2_19;1.720
4;A2_20;4.474
5;A2_20;1.078
6;A2_20;0.340
7;A2_20;13.00
10;A2_20;2.476
11;A2_20;0.105
12;A2_20;1.939
4;B1_1;6.252
5;B1_1;1.144
6;B1_1;0.274
7;B1_1;9.67
10;B1_1;1.736
11;B1_1;0.241
12;B1_1;5.138
4;B1_2;6.881
5;B1_2;1.138
6;B1_2;0.274
7;B1_2;9.67
10;B1_2;1.736
11;B1_2;0.151
12;B1_2;3.390
4;B1_3;7.523
5;B1_3;1.150
6;B1_3;0.303
7;B1_3;11
10;B1_3;2.302
11;B1_3;0.143
12;B1_3;2.556
4;B1_4;7.57
5;B1_4;1.106
6;B1_4;0.303
7;B1_4;11
10;B1_4;2.302
11;B1_4;0.064
12;B1_4;1.388
4;B1_5;7.002
5;B1_5;1.147
6;B1_5;0.236
7;B1_5;9
10;B1_5;2.147
11;B1_5;0.074
12;B1_5;1.927
4;B1_6;7.35
5;B1_6;1.151
6;B1_6;0.390
7;B1_6;14
10;B1_6;2.367
11;B1_6;0.058
12;B1_6;1.498
4;B1_7;7.622
5;B1_7;1.106
6;B1_7;0.314
7;B1_7;13.17
10;B1_7;2.215
11;B1_7;0.178
12;B1_7;3.935
4;B1_8;7.557
5;B1_8;1.121
6;B1_8;0.314
7;B1_8;13.17
10;B1_8;2.215
11;B1_8;0.094
12;B1_8;1.755
4;B1_9;5.396
5;B1_9;1.132
6;B1_9;0.153
7;B1_9;5
10;B1_9;1.573
11;B1_9;0.085
12;B1_9;1.398
4;B1_10;7.557
5;B1_10;1.157
6;B1_10;0.240
7;B1_10;9
10;B1_10;1.134
11;B1_10;0.111
12;B1_10;2.238
4;B1_11;1.006
5;B1_11;1.261
6;B1_11;0.028
7;B1_11;2
10;B1_11;0.378
11;B1_11;0.004
12;B1_11;0.009
4;B1_12;9.864
5;B1_12;1.132
6;B1_12;0.314
7;B1_12;13.17
10;B1_12;2.215
11;B1_12;0.130
12;B1_12;2.707
4;B1_13;3.614
5;B1_13;1.174
6;B1_13;0.314
7;B1_13;13.17
10;B1_13;2.215
11;B1_13;0.137
12;B1_13;3.029
4;B1_14;7.051
5;B1_14;1.207
6;B1_14;0.314
7;B1_14;13.17
10;B1_14;2.215
11;B1_14;0.205
12;B1_14;4.412
4;B1_15;10.015
5;B1_15;1.102
6;B1_15;0.314
7;B1_15;13.17
10;B1_15;2.215
11;B1_15;0.002
12;B1_15;0.026
4;B1_16;4.442
5;B1_16;1.130
6;B1_16;0.303
7;B1_16;11
10;B1_16;2.302
11;B1_16;0.138
12;B1_16;2.925
4;B1_17;8.147
5;B1_17;1.119
6;B1_17;0.303
7;B1_17;11
10;B1_17;2.302
11;B1_17;0.076
12;B1_17;1.796
4;B1_18;5.105
5;B1_18;1.126
6;B1_18;0.274
7;B1_18;9.67
10;B1_18;1.736
11;B1_18;0.137
12;B1_18;3.236
4;B2_1;5.654
5;B2_1;1.091
6;B2_1;0.293
7;B2_1;10.14
10;B2_1;2.389
11;B2_1;0.117
12;B2_1;2.388
4;B2_2;7.032
5;B2_2;1.127
6;B2_2;0.293
7;B2_2;10.14
10;B2_2;2.389
11;B2_2;0.133
12;B2_2;2.629
4;B2_3;8.044
5;B2_3;1.182
6;B2_3;0.293
7;B2_3;10.14
10;B2_3;2.389
11;B2_3;0.051
12;B2_3;1.176
4;B2_4;5.181
5;B2_4;1.117
6;B2_4;0.172
7;B2_4;3.00
10;B2_4;1.195
11;B2_4;0.121
12;B2_4;1.891
4;B2_5;7.885
5;B2_5;1.131
6;B2_5;0.408
7;B2_5;13.63
10;B2_5;2.810
11;B2_5;0.168
12;B2_5;3.612
4;B2_6;8.202
5;B2_6;1.139
6;B2_6;0.408
7;B2_6;13.63
10;B2_6;2.810
11;B2_6;0.109
12;B2_6;2.057
4;B2_7;8.104
5;B2_7;1.132
6;B2_7;0.408
7;B2_7;13.63
10;B2_7;2.810
11;B2_7;0.073
12;B2_7;1.482
4;B2_8;8.136
5;B2_8;1.135
6;B2_8;0.408
7;B2_8;13.63
10;B2_8;2.810
11;B2_8;0.172
12;B2_8;3.601
4;B2_9;7.013
5;B2_9;1.109
6;B2_9;0.408
7;B2_9;13.63
10;B2_9;2.810
11;B2_9;0.056
12;B2_9;1.162
4;B2_10;7.844
5;B2_10;1.118
6;B2_10;0.308
7;B2_10;8.00
10;B2_10;2.108
11;B2_10;0.138
12;B2_10;2.496
4;B2_11;8.617
5;B2_11;1.103
6;B2_11;0.408
7;B2_11;13.63
10;B2_11;2.810
11;B2_11;0.071
12;B2_11;1.203
4;B2_12;6.072
5;B2_12;1.176
6;B2_12;0.408
7;B2_12;13.63
10;B2_12;2.810
11;B2_12;0.103
12;B2_12;2.281
4;B2_13;11.356
5;B2_13;1.118
6;B2_13;0.408
7;B2_13;13.63
10;B2_13;2.810
11;B2_13;0.100
12;B2_13;1.990
4;B2_14;3.524
5;B2_14;1.110
6;B2_14;0.093
7;B2_14;3.00
10;B2_14;0.440
11;B2_14;0.123
12;B2_14;2.674
4;B2_15;9.238
5;B2_15;1.134
6;B2_15;0.293
7;B2_15;10.14
10;B2_15;2.389
11;B2_15;0.076
12;B2_15;1.423
4;B2_16;10.172
5;B2_16;1.149
6;B2_16;0.293
7;B2_16;10.14
10;B2_16;2.389
11;B2_16;0.156
12;B2_16;3.118
4;B2_17;6.167
5;B2_17;1.166
6;B2_17;0.293
7;B2_17;10.14
10;B2_17;2.389
11;B2_17;0.120
12;B2_17;2.447
4;B2_18;3.573
5;B2_18;1.134
6;B2_18;0.293
7;B2_18;10.14
10;B2_18;2.389
11;B2_18;0.050
12;B2_18;0.975
4;C1_1;3.936
5;C1_1;1.111
6;C1_1;0.141
7;C1_1;8
10;C1_1;1.106
11;C1_1;0.096
12;C1_1;2.782
4;C1_2;1.6
5;C1_2;1.069
6;C1_2;0.036
7;C1_2;0
10;C1_2;0.000
11;C1_2;0.019
12;C1_2;0.343
4;C1_3;2.635
5;C1_3;1.079
6;C1_3;0.066
7;C1_3;1
10;C1_3;0.000
11;C1_3;0.012
12;C1_3;0.286
4;C1_4;9.203
5;C1_4;1.080
6;C1_4;0.278
7;C1_4;9
10;C1_4;1.342
11;C1_4;0.127
12;C1_4;3.168
4;C1_5;6.255
5;C1_5;1.081
6;C1_5;0.184
7;C1_5;6
10;C1_5;1.804
11;C1_5;0.016
12;C1_5;0.329
4;C1_6;10.311
5;C1_6;1.091
6;C1_6;0.407
7;C1_6;15
10;C1_6;1.923
11;C1_6;0.185
12;C1_6;4.196
4;C1_7;5.55
5;C1_7;1.096
6;C1_7;0.174
7;C1_7;8
10;C1_7;2.096
11;C1_7;0.132
12;C1_7;3.254
4;C1_8;4.089
5;C1_8;1.123
6;C1_8;0.174
7;C1_8;8
10;C1_8;2.096
11;C1_8;0.039
12;C1_8;0.798
4;C1_9;9.681
5;C1_9;1.083
6;C1_9;0.174
7;C1_9;8
10;C1_9;2.096
11;C1_9;0.169
12;C1_9;3.633
4;C1_10;0.607
5;C1_10;1.049
6;C1_10;0.019
7;C1_10;1
10;C1_10;0.000
11;C1_10;0.087
12;C1_10;1.905
4;C1_11;0.2
5;C1_11;1.214
6;C1_11;0.007
7;C1_11;0
10;C1_11;0.000
11;C1_11;0.014
12;C1_11;0.264
4;C1_12;2.159
5;C1_12;1.213
6;C1_12;0.080
7;C1_12;2
10;C1_12;0.539
11;C1_12;0.039
12;C1_12;0.840
4;C1_13;10.313
5;C1_13;1.085
6;C1_13;0.168
7;C1_13;5.5
10;C1_13;2.573
11;C1_13;0.066
12;C1_13;1.578
4;C1_14;0.835
5;C1_14;1.042
6;C1_14;0.168
7;C1_14;5.5
10;C1_14;2.573
11;C1_14;0.014
12;C1_14;0.200
4;C1_15;6.527
5;C1_15;1.121
6;C1_15;0.200
7;C1_15;9
10;C1_15;2.087
11;C1_15;0.137
12;C1_15;3.299
4;C1_16;0.151
5;C1_16;1.262
6;C1_16;0.007
7;C1_16;1
10;C1_16;0.000
11;C1_16;0.111
12;C1_16;2.828
4;C1_17;3.64
5;C1_17;1.089
6;C1_17;0.157
7;C1_17;5
10;C1_17;0.000
11;C1_17;0.073
12;C1_17;2.108
4;C1_18;0.913
5;C1_18;1.073
6;C1_18;0.018
7;C1_18;0
10;C1_18;0.000
11;C1_18;0.015
12;C1_18;0.346
4;C1_19;0.185
5;C1_19;1.065
6;C1_19;0.008
7;C1_19;0
10;C1_19;0.000
11;C1_19;0.011
12;C1_19;0.164
4;C2_1;3.273
5;C2_1;1.090
6;C2_1;0.113
7;C2_1;5
10;C2_1;0.618
11;C2_1;0.089
12;C2_1;1.856
4;C2_2;5.654
5;C2_2;1.084
6;C2_2;0.192
7;C2_2;6
10;C2_2;1.881
11;C2_2;0.112
12;C2_2;2.331
4;C2_3;5.167
5;C2_3;1.057
6;C2_3;0.144
7;C2_3;5
10;C2_3;1.973
11;C2_3;0.109
12;C2_3;2.402
4;C2_4;5.981
5;C2_4;1.081
6;C2_4;0.192
7;C2_4;6
10;C2_4;1.881
11;C2_4;0.110
12;C2_4;2.431
4;C2_5;0.208
5;C2_5;1.065
6;C2_5;0.092
7;C2_5;3
10;C2_5;0.912
11;C2_5;0.012
12;C2_5;0.171
4;C2_6;0.105
5;C2_6;1.054
6;C2_6;0.009
7;C2_6;1
10;C2_6;0.000
11;C2_6;0.117
12;C2_6;2.447
4;C2_7;4.429
5;C2_7;1.116
6;C2_7;0.092
7;C2_7;3
10;C2_7;0.912
11;C2_7;0.011
12;C2_7;0.138
4;C2_8;7.081
5;C2_8;1.093
6;C2_8;0.231
7;C2_8;13
10;C2_8;2.151
11;C2_8;0.141
12;C2_8;2.691
4;C2_9;0.252
5;C2_9;1.338
6;C2_9;0.007
7;C2_9;0
10;C2_9;0.000
11;C2_9;0.082
12;C2_9;1.517
4;C2_10;6.821
5;C2_10;1.067
6;C2_10;0.192
7;C2_10;5
10;C2_10;0.712
11;C2_10;0.083
12;C2_10;1.782
4;C2_11;7.095
5;C2_11;1.091
6;C2_11;0.165
7;C2_11;7.5
10;C2_11;1.384
11;C2_11;0.152
12;C2_11;3.149
4;C2_12;3.687
5;C2_12;1.106
6;C2_12;0.165
7;C2_12;7.5
10;C2_12;1.384
11;C2_12;0.061
12;C2_12;0.938
4;C2_13;7.154
5;C2_13;1.098
6;C2_13;0.163
7;C2_13;5.5
10;C2_13;1.634
11;C2_13;0.123
12;C2_13;2.732
4;C2_14;4.692
5;C2_14;1.121
6;C2_14;0.163
7;C2_14;5.5
10;C2_14;1.634
11;C2_14;0.079
12;C2_14;1.748
4;C2_15;2.516
5;C2_15;1.092
6;C2_15;0.163
7;C2_15;5.5
10;C2_15;1.634
11;C2_15;0.023
12;C2_15;0.365
4;C2_16;4.638
5;C2_16;1.123
6;C2_16;0.163
7;C2_16;5.5
10;C2_16;1.634
11;C2_16;0.116
12;C2_16;2.591
4;C2_17;3.849
5;C2_17;1.068
6;C2_17;0.114
7;C2_17;5
10;C2_17;0.881
11;C2_17;0.062
12;C2_17;1.201
4;C2_18;0.725
5;C2_18;1.045
6;C2_18;0.018
7;C2_18;1
10;C2_18;0.000
11;C2_18;0.013
12;C2_18;0.186
4;C2_19;3.384
5;C2_19;1.099
6;C2_19;0.155
7;C2_19;4
10;C2_19;1.125
11;C2_19;0.057
12;C2_19;1.108
4;C2_20;0.894
5;C2_20;1.057
6;C2_20;0.019
7;C2_20;0
10;C2_20;0.000
11;C2_20;0.018
12;C2_20;0.263
4;C2_21;0.209
5;C2_21;1.077
6;C2_21;0.004
7;C2_21;0
10;C2_21;0.000
11;C2_21;0.007
12;C2_21;0.116
4;D1_1;8.186
5;D1_1;1.152
6;D1_1;0.304
7;D1_1;12
10;D1_1;2.297
11;D1_1;0.218
12;D1_1;4.506
4;D1_2;4.757
5;D1_2;1.117
6;D1_2;0.274
7;D1_2;10
10;D1_2;0.780
11;D1_2;0.275
12;D1_2;5.361
4;D1_3;5.477
5;D1_3;1.119
6;D1_3;0.304
7;D1_3;12
10;D1_3;2.297
11;D1_3;0.094
12;D1_3;1.841
4;D1_4;8.22
5;D1_4;1.302
6;D1_4;0.304
7;D1_4;12
10;D1_4;2.297
11;D1_4;0.178
12;D1_4;3.327
4;D1_5;8.288
5;D1_5;1.172
6;D1_5;0.274
7;D1_5;14.5
10;D1_5;1.799
11;D1_5;0.323
12;D1_5;6.845
4;D1_6;5.186
5;D1_6;1.116
6;D1_6;0.274
7;D1_6;14.5
10;D1_6;1.799
11;D1_6;0.034
12;D1_6;0.657
4;D1_7;8.229
5;D1_7;1.149
6;D1_7;0.397
7;D1_7;15
10;D1_7;2.515
11;D1_7;0.349
12;D1_7;7.566
4;D1_8;10.914
5;D1_8;1.132
6;D1_8;0.397
7;D1_8;15
10;D1_8;2.515
11;D1_8;0.229
12;D1_8;5.085
4;D1_9;8.511
5;D1_9;1.119
6;D1_9;0.397
7;D1_9;15
10;D1_9;2.515
11;D1_9;0.228
12;D1_9;4.427
4;D1_10;6.996
5;D1_10;1.110
6;D1_10;0.397
7;D1_10;15
10;D1_10;2.515
11;D1_10;0.101
12;D1_10;1.948
4;D1_11;8.326
5;D1_11;1.142
6;D1_11;0.397
7;D1_11;15
10;D1_11;2.515
11;D1_11;0.356
12;D1_11;7.834
4;D1_12;10.303
5;D1_12;1.123
6;D1_12;0.397
7;D1_12;15
10;D1_12;2.515
11;D1_12;0.313
12;D1_12;7.265
4;D1_13;8.103
5;D1_13;1.123
6;D1_13;0.397
7;D1_13;15
10;D1_13;2.515
11;D1_13;0.125
12;D1_13;2.400
4;D1_14;10.854
5;D1_14;1.223
6;D1_14;0.397
7;D1_14;15
10;D1_14;2.515
11;D1_14;0.269
12;D1_14;5.251
4;D1_15;8.486
5;D1_15;1.161
6;D1_15;0.397
7;D1_15;15
10;D1_15;2.515
11;D1_15;0.110
12;D1_15;2.321
4;D1_16;8.272
5;D1_16;1.140
6;D1_16;0.397
7;D1_16;15
10;D1_16;2.515
11;D1_16;0.301
12;D1_16;6.022
4;D2_1;8.157
5;D2_1;1.151
6;D2_1;0.304
7;D2_1;12.6
10;D2_1;2.148
11;D2_1;0.199
12;D2_1;4.338
4;D2_2;9.149
5;D2_2;1.126
6;D2_2;0.391
7;D2_2;15
10;D2_2;2.570
11;D2_2;0.388
12;D2_2;7.436
4;D2_3;8.188
5;D2_3;1.322
6;D2_3;0.304
7;D2_3;12.6
10;D2_3;2.148
11;D2_3;0.322
12;D2_3;7.372
4;D2_4;5.422
5;D2_4;1.209
6;D2_4;0.304
7;D2_4;12.6
10;D2_4;2.148
11;D2_4;0.198
12;D2_4;3.985
4;D2_5;5.182
5;D2_5;1.115
6;D2_5;0.304
7;D2_5;12.6
10;D2_5;2.148
11;D2_5;0.172
12;D2_5;3.565
4;D2_6;8.219
5;D2_6;1.158
6;D2_6;0.304
7;D2_6;12.6
10;D2_6;2.148
11;D2_6;0.275
12;D2_6;5.836
4;D2_7;8.116
5;D2_7;1.116
6;D2_7;0.399
7;D2_7;15.3
10;D2_7;2.846
11;D2_7;0.189
12;D2_7;3.894
4;D2_8;8.456
5;D2_8;1.112
6;D2_8;0.399
7;D2_8;15.3
10;D2_8;2.846
11;D2_8;0.108
12;D2_8;2.190
4;D2_9;10.677
5;D2_9;1.100
6;D2_9;0.399
7;D2_9;15.3
10;D2_9;2.846
11;D2_9;0.326
12;D2_9;5.467
4;D2_10;8.365
5;D2_10;1.145
6;D2_10;0.399
7;D2_10;15.3
10;D2_10;2.846
11;D2_10;0.172
12;D2_10;3.667
4;D2_11;10.808
5;D2_11;1.124
6;D2_11;0.399
7;D2_11;15.3
10;D2_11;2.846
11;D2_11;0.275
12;D2_11;4.659
4;D2_12;10.196
5;D2_12;1.117
6;D2_12;0.399
7;D2_12;15.3
10;D2_12;2.846
11;D2_12;0.177
12;D2_12;3.607
4;D2_13;7.718
5;D2_13;1.112
6;D2_13;0.399
7;D2_13;15.3
10;D2_13;2.846
11;D2_13;0.242
12;D2_13;4.817
4;D2_14;11.599
5;D2_14;1.268
6;D2_14;0.399
7;D2_14;15.3
10;D2_14;2.846
11;D2_14;0.255
12;D2_14;3.919
4;D2_15;2.645
5;D2_15;1.202
6;D2_15;0.399
7;D2_15;15.3
10;D2_15;2.846
11;D2_15;0.101
12;D2_15;2.023
4;D2_16;8.163
5;D2_16;1.120
6;D2_16;0.399
7;D2_16;15.3
10;D2_16;2.846
11;D2_16;0.256
12;D2_16;5.406
4;E1_1;3.328
5;E1_1;1.092
6;E1_1;0.085
7;E1_1;0
10;E1_1;0.000
11;E1_1;0.053
12;E1_1;0.609
4;E1_2;4.796
5;E1_2;1.078
6;E1_2;0.135
7;E1_2;4
10;E1_2;0.203
11;E1_2;0.055
12;E1_2;0.748
4;E1_3;7.124
5;E1_3;1.088
6;E1_3;0.340
7;E1_3;10
10;E1_3;1.573
11;E1_3;0.223
12;E1_3;3.531
4;E1_4;3.486
5;E1_4;1.061
6;E1_4;0.042
7;E1_4;0
10;E1_4;0.000
11;E1_4;0.080
12;E1_4;0.859
4;E1_5;3.661
5;E1_5;1.060
6;E1_5;0.100
7;E1_5;2
10;E1_5;0.130
11;E1_5;0.047
12;E1_5;0.624
4;E1_6;2.217
5;E1_6;1.053
6;E1_6;0.027
7;E1_6;1
10;E1_6;0.000
11;E1_6;0.045
12;E1_6;0.499
4;E1_7;2.746
5;E1_7;1.069
6;E1_7;0.072
7;E1_7;1.5
10;E1_7;0.481
11;E1_7;0.035
12;E1_7;0.311
4;E1_8;3.269
5;E1_8;1.056
6;E1_8;0.072
7;E1_8;1.5
10;E1_8;0.481
11;E1_8;0.155
12;E1_8;2.956
4;E1_9;1.918
5;E1_9;1.076
6;E1_9;0.034
7;E1_9;0
10;E1_9;0.000
11;E1_9;0.032
12;E1_9;0.293
4;E1_10;4.307
5;E1_10;1.107
6;E1_10;0.066
7;E1_10;1
10;E1_10;0.000
11;E1_10;0.292
12;E1_10;4.603
4;E1_11;3.56
5;E1_11;1.052
6;E1_11;0.035
7;E1_11;0
10;E1_11;0.000
11;E1_11;0.138
12;E1_11;2.715
4;E1_12;1.375
5;E1_12;1.059
6;E1_12;0.025
7;E1_12;0
10;E1_12;0.000
11;E1_12;0.021
12;E1_12;0.153
4;E1_13;1.488
5;E1_13;1.023
6;E1_13;0.026
7;E1_13;1
10;E1_13;0.000
11;E1_13;0.042
12;E1_13;0.416
4;E1_14;4.375
5;E1_14;1.056
6;E1_14;0.048
7;E1_14;1
10;E1_14;0.000
11;E1_14;0.113
12;E1_14;2.101
4;E1_15;4.457
5;E1_15;1.045
6;E1_15;0.160
7;E1_15;4
10;E1_15;0.621
11;E1_15;0.083
12;E1_15;1.339
4;E1_16;2.049
5;E1_16;1.044
6;E1_16;0.024
7;E1_16;1
10;E1_16;0.000
11;E1_16;0.040
12;E1_16;0.432
4;E1_17;5.235
5;E1_17;1.045
6;E1_17;0.182
7;E1_17;7
10;E1_17;1.402
11;E1_17;0.095
12;E1_17;1.410
4;E1_18;4.885
5;E1_18;1.051
6;E1_18;0.156
7;E1_18;4
10;E1_18;0.267
11;E1_18;0.049
12;E1_18;0.621
4;E1_19;2.586
5;E1_19;1.062
6;E1_19;0.081
7;E1_19;1
10;E1_19;0.000
11;E1_19;0.029
12;E1_19;0.361
4;E1_20;2.626
5;E1_20;1.063
6;E1_20;0.074
7;E1_20;1
10;E1_20;0.000
11;E1_20;0.029
12;E1_20;0.332
4;E2_1;4.365
5;E2_1;1.076
6;E2_1;0.117
7;E2_1;4
10;E2_1;0.309
11;E2_1;0.122
12;E2_1;2.081
4;E2_2;0.107
5;E2_2;1.071
6;E2_2;0.003
7;E2_2;0
10;E2_2;0.000
11;E2_2;0.011
12;E2_2;0.127
4;E2_3;5.829
5;E2_3;1.072
6;E2_3;0.199
7;E2_3;5
10;E2_3;0.831
11;E2_3;0.231
12;E2_3;4.187
4;E2_4;3.467
5;E2_4;1.071
6;E2_4;0.108
7;E2_4;3
10;E2_4;1.331
11;E2_4;0.098
12;E2_4;1.484
4;E2_5;3.724
5;E2_5;1.053
6;E2_5;0.113
7;E2_5;5
10;E2_5;0.746
11;E2_5;0.089
12;E2_5;1.475
4;E2_6;0.103
5;E2_6;1.031
6;E2_6;0.005
7;E2_6;0
10;E2_6;0.000
11;E2_6;0.008
12;E2_6;0.074
4;E2_7;3.937
5;E2_7;1.057
6;E2_7;0.096
7;E2_7;1
10;E2_7;0.000
11;E2_7;0.063
12;E2_7;0.860
4;E2_8;1.551
5;E2_8;1.060
6;E2_8;0.020
7;E2_8;0
10;E2_8;0.000
11;E2_8;0.037
12;E2_8;0.433
4;E2_9;4.87
5;E2_9;1.050
6;E2_9;0.122
7;E2_9;2
10;E2_9;0.918
11;E2_9;0.141
12;E2_9;2.467
4;E2_10;4.444
5;E2_10;1.048
6;E2_10;0.119
7;E2_10;2
10;E2_10;1.412
11;E2_10;0.098
12;E2_10;1.218
4;E2_11;0.45
5;E2_11;1.071
6;E2_11;0.004
7;E2_11;0
10;E2_11;0.000
11;E2_11;0.018
12;E2_11;0.336
4;E2_12;3.908
5;E2_12;1.068
6;E2_12;0.062
7;E2_12;2
10;E2_12;0.000
11;E2_12;0.080
12;E2_12;1.359
4;E2_13;2.146
5;E2_13;1.061
6;E2_13;0.028
7;E2_13;0
10;E2_13;0.000
11;E2_13;0.097
12;E2_13;1.078
4;E2_14;5.608
5;E2_14;1.075
6;E2_14;0.215
7;E2_14;8
10;E2_14;1.858
11;E2_14;0.203
12;E2_14;3.702
4;E2_15;1.836
5;E2_15;1.078
6;E2_15;0.029
7;E2_15;1
10;E2_15;0.000
11;E2_15;0.032
12;E2_15;0.361
4;E2_16;4.416
5;E2_16;1.109
6;E2_16;0.137
7;E2_16;3
10;E2_16;0.564
11;E2_16;0.066
12;E2_16;1.057
4;E2_17;1.942
5;E2_17;1.111
6;E2_17;0.100
7;E2_17;3
10;E2_17;1.550
11;E2_17;0.071
12;E2_17;0.739
4;E2_18;5.351
5;E2_18;1.099
6;E2_18;0.100
7;E2_18;3
10;E2_18;1.550
11;E2_18;0.106
12;E2_18;1.482
4;F1_1;11.163
5;F1_1;1.102
6;F1_1;0.259
7;F1_1;10.14
10;F1_1;2.348
11;F1_1;0.187
12;F1_1;4.250
4;F1_2;7.419
5;F1_2;1.082
6;F1_2;0.183
7;F1_2;5
10;F1_2;1.473
11;F1_2;0.132
12;F1_2;3.033
4;F1_3;7.537
5;F1_3;1.116
6;F1_3;0.183
7;F1_3;5
10;F1_3;1.473
11;F1_3;0.041
12;F1_3;0.674
4;F1_4;7.38
5;F1_4;1.087
6;F1_4;0.259
7;F1_4;10.14
10;F1_4;2.348
11;F1_4;0.171
12;F1_4;3.394
4;F1_5;7.545
5;F1_5;1.085
6;F1_5;0.259
7;F1_5;10.14
10;F1_5;2.348
11;F1_5;0.049
12;F1_5;0.958
4;F1_6;10.897
5;F1_6;1.114
6;F1_6;0.259
7;F1_6;10.14
10;F1_6;2.348
11;F1_6;0.099
12;F1_6;2.176
4;F1_7;7.259
5;F1_7;1.085
6;F1_7;0.259
7;F1_7;10.14
10;F1_7;2.348
11;F1_7;0.150
12;F1_7;2.597
4;F1_8;6.605
5;F1_8;1.092
6;F1_8;0.259
7;F1_8;10.14
10;F1_8;2.348
11;F1_8;0.017
12;F1_8;0.211
4;F1_9;4.745
5;F1_9;1.106
6;F1_9;0.259
7;F1_9;10.14
10;F1_9;2.348
11;F1_9;0.132
12;F1_9;2.527
4;F1_10;6.39
5;F1_10;1.088
6;F1_10;0.189
7;F1_10;7.75
10;F1_10;2.274
11;F1_10;0.022
12;F1_10;0.302
4;F1_11;4.319
5;F1_11;1.087
6;F1_11;0.189
7;F1_11;7.75
10;F1_11;2.274
11;F1_11;0.017
12;F1_11;0.195
4;F1_12;10.711
5;F1_12;1.204
6;F1_12;0.189
7;F1_12;7.75
10;F1_12;2.274
11;F1_12;0.184
12;F1_12;3.235
4;F1_13;7.228
5;F1_13;1.098
6;F1_13;0.189
7;F1_13;7.75
10;F1_13;2.274
11;F1_13;0.098
12;F1_13;1.372
4;F1_14;4.202
5;F1_14;1.105
6;F1_14;0.167
7;F1_14;4.67
10;F1_14;0.872
11;F1_14;0.043
12;F1_14;0.637
4;F1_15;7.343
5;F1_15;1.110
6;F1_15;0.167
7;F1_15;4.67
10;F1_15;0.872
11;F1_15;0.089
12;F1_15;1.512
4;F1_16;6.559
5;F1_16;1.109
6;F1_16;0.167
7;F1_16;4.67
10;F1_16;0.872
11;F1_16;0.044
12;F1_16;0.600
4;F1_17;6.216
5;F1_17;1.094
6;F1_17;0.137
7;F1_17;7
10;F1_17;0.940
11;F1_17;0.080
12;F1_17;1.040
4;F1_18;2.454
5;F1_18;1.128
6;F1_18;0.186
7;F1_18;8.67
10;F1_18;1.496
11;F1_18;0.107
12;F1_18;1.652
4;F1_19;5.318
5;F1_19;1.136
6;F1_19;0.186
7;F1_19;8.67
10;F1_19;1.496
11;F1_19;0.104
12;F1_19;1.466
4;F1_20;4.449
5;F1_20;1.208
6;F1_20;0.186
7;F1_20;8.67
10;F1_20;1.496
11;F1_20;0.105
12;F1_20;1.583
4;F2_1;10.499
5;F2_1;1.117
6;F2_1;0.291
7;F2_1;13.6
10;F2_1;2.433
11;F2_1;0.149
12;F2_1;3.648
4;F2_2;7.023
5;F2_2;1.115
6;F2_2;0.291
7;F2_2;13.6
10;F2_2;2.433
11;F2_2;0.045
12;F2_2;0.945
4;F2_3;7.229
5;F2_3;1.114
6;F2_3;0.291
7;F2_3;13.6
10;F2_3;2.433
11;F2_3;0.064
12;F2_3;1.242
4;F2_4;10.234
5;F2_4;1.099
6;F2_4;0.291
7;F2_4;13.6
10;F2_4;2.433
11;F2_4;0.213
12;F2_4;4.404
4;F2_5;6.994
5;F2_5;1.107
6;F2_5;0.291
7;F2_5;13.6
10;F2_5;2.433
11;F2_5;0.100
12;F2_5;1.737
4;F2_6;10.27
5;F2_6;1.098
6;F2_6;0.348
7;F2_6;14.67
10;F2_6;2.807
11;F2_6;0.195
12;F2_6;3.866
4;F2_7;1.095
5;F2_7;1.041
6;F2_7;0.348
7;F2_7;14.67
10;F2_7;2.807
11;F2_7;0.025
12;F2_7;0.267
4;F2_8;10.251
5;F2_8;1.103
6;F2_8;0.348
7;F2_8;14.67
10;F2_8;2.807
11;F2_8;0.161
12;F2_8;3.119
4;F2_9;7.037
5;F2_9;1.091
6;F2_9;0.348
7;F2_9;14.67
10;F2_9;2.807
11;F2_9;0.263
12;F2_9;4.364
4;F2_10;7.154
5;F2_10;1.105
6;F2_10;0.348
7;F2_10;14.67
10;F2_10;2.807
11;F2_10;0.214
12;F2_10;3.332
4;F2_11;10.166
5;F2_11;1.080
6;F2_11;0.348
7;F2_11;14.67
10;F2_11;2.807
11;F2_11;0.159
12;F2_11;2.985
4;F2_12;10.218
5;F2_12;1.095
6;F2_12;0.348
7;F2_12;14.67
10;F2_12;2.807
11;F2_12;0.103
12;F2_12;1.752
4;F2_13;7.055
5;F2_13;1.091
6;F2_13;0.348
7;F2_13;14.67
10;F2_13;2.807
11;F2_13;0.152
12;F2_13;1.866
4;F2_14;10.033
5;F2_14;1.059
6;F2_14;0.348
7;F2_14;14.67
10;F2_14;2.807
11;F2_14;0.112
12;F2_14;1.786
4;F2_15;8.996
5;F2_15;1.077
6;F2_15;0.282
7;F2_15;13.5
10;F2_15;3.140
11;F2_15;0.046
12;F2_15;0.525
4;F2_16;7.056
5;F2_16;1.101
6;F2_16;0.282
7;F2_16;13.5
10;F2_16;3.140
11;F2_16;0.133
12;F2_16;1.728
4;F2_17;7.125
5;F2_17;1.093
6;F2_17;0.289
7;F2_17;13
10;F2_17;2.513
11;F2_17;0.104
12;F2_17;1.325
4;F2_18;0.822
5;F2_18;1.040
6;F2_18;0.029
7;F2_18;2
10;F2_18;0.000
11;F2_18;0.020
12;F2_18;0.218
4;F2_19;10.026
5;F2_19;1.112
6;F2_19;0.379
7;F2_19;18
10;F2_19;3.103
11;F2_19;0.220
12;F2_19;3.604
4;F2_20;4.657
5;F2_20;1.094
6;F2_20;0.379
7;F2_20;18
10;F2_20;3.103
11;F2_20;0.189
12;F2_20;2.869
4;F3_1;2.948
5;F3_1;1.160
6;F3_1;0.229
7;F3_1;10.63
10;F3_1;2.111
11;F3_1;0.163
12;F3_1;3.801
4;F3_2;4.498
5;F3_2;1.169
6;F3_2;0.229
7;F3_2;10.63
10;F3_2;2.111
11;F3_2;0.054
12;F3_2;0.814
4;F3_3;7.755
5;F3_3;1.135
6;F3_3;0.229
7;F3_3;10.63
10;F3_3;2.111
11;F3_3;0.076
12;F3_3;1.374
4;F3_4;5.359
5;F3_4;1.132
6;F3_4;0.229
7;F3_4;10.63
10;F3_4;2.111
11;F3_4;0.055
12;F3_4;1.185
4;F3_5;7.856
5;F3_5;1.132
6;F3_5;0.229
7;F3_5;10.63
10;F3_5;2.111
11;F3_5;0.054
12;F3_5;0.962
4;F3_6;6.277
5;F3_6;1.121
6;F3_6;0.229
7;F3_6;10.63
10;F3_6;2.111
11;F3_6;0.074
12;F3_6;1.109
4;F3_7;8.198
5;F3_7;1.111
6;F3_7;0.229
7;F3_7;10.63
10;F3_7;2.111
11;F3_7;0.201
12;F3_7;3.786
4;F3_8;7.24
5;F3_8;1.136
6;F3_8;0.229
7;F3_8;10.63
10;F3_8;2.111
11;F3_8;0.307
12;F3_8;6.594
4;F3_9;5.906
5;F3_9;1.174
6;F3_9;0.144
7;F3_9;6
10;F3_9;1.472
11;F3_9;0.040
12;F3_9;0.609
4;F3_10;7.56
5;F3_10;1.099
6;F3_10;0.384
7;F3_10;10
10;F3_10;2.624
11;F3_10;0.302
12;F3_10;5.507
4;F3_11;1.199
5;F3_11;1.161
6;F3_11;0.029
7;F3_11;3
10;F3_11;0.123
11;F3_11;0.018
12;F3_11;0.259
4;F3_12;8.564
5;F3_12;1.235
6;F3_12;0.296
7;F3_12;16.8
10;F3_12;2.607
11;F3_12;0.101
12;F3_12;2.036
4;F3_13;7.361
5;F3_13;1.096
6;F3_13;0.296
7;F3_13;16.8
10;F3_13;2.607
11;F3_13;0.040
12;F3_13;0.617
4;F3_14;2.65
5;F3_14;1.090
6;F3_14;0.296
7;F3_14;16.8
10;F3_14;2.607
11;F3_14;0.029
12;F3_14;0.398
4;F3_15;11.115
5;F3_15;1.137
6;F3_15;0.296
7;F3_15;16.8
10;F3_15;2.607
11;F3_15;0.226
12;F3_15;4.414
4;F3_16;7.528
5;F3_16;1.184
6;F3_16;0.296
7;F3_16;16.8
10;F3_16;2.607
11;F3_16;0.060
12;F3_16;1.144
4;F3_17;8.599
5;F3_17;1.108
6;F3_17;0.397
7;F3_17;21.5
10;F3_17;2.444
11;F3_17;0.103
12;F3_17;2.233
4;F3_18;8.072
5;F3_18;1.187
6;F3_18;0.397
7;F3_18;21.5
10;F3_18;2.444
11;F3_18;0.091
12;F3_18;1.910
4;G1_1;10.706
5;G1_1;1.190
6;G1_1;0.579
7;G1_1;15.33
10;G1_1;2.662
11;G1_1;0.062
12;G1_1;1.423
4;G1_2;8.094
5;G1_2;1.133
6;G1_2;0.579
7;G1_2;15.33
10;G1_2;2.662
11;G1_2;0.096
12;G1_2;2.322
4;G1_3;4.849
5;G1_3;1.175
6;G1_3;0.458
7;G1_3;14
10;G1_3;3.315
11;G1_3;0.190
12;G1_3;4.468
4;G1_4;11.187
5;G1_4;1.081
6;G1_4;0.458
7;G1_4;14
10;G1_4;3.315
11;G1_4;0.224
12;G1_4;5.302
4;G1_5;7.735
5;G1_5;1.113
6;G1_5;0.579
7;G1_5;15.33
10;G1_5;2.662
11;G1_5;0.264
12;G1_5;6.248
4;G1_6;7.245
5;G1_6;1.192
6;G1_6;0.579
7;G1_6;15.33
10;G1_6;2.662
11;G1_6;0.239
12;G1_6;5.045
4;G1_7;7.901
5;G1_7;1.074
6;G1_7;0.579
7;G1_7;15.33
10;G1_7;2.662
11;G1_7;0.148
12;G1_7;3.016
4;G1_8;11.437
5;G1_8;1.104
6;G1_8;0.631
7;G1_8;17.67
10;G1_8;3.113
11;G1_8;0.116
12;G1_8;2.737
4;G1_9;8.299
5;G1_9;1.127
6;G1_9;0.631
7;G1_9;17.67
10;G1_9;3.113
11;G1_9;0.222
12;G1_9;4.977
4;G1_10;8.814
5;G1_10;1.130
6;G1_10;0.631
7;G1_10;17.67
10;G1_10;3.113
11;G1_10;0.051
12;G1_10;1.147
4;G1_11;10.301
5;G1_11;1.235
6;G1_11;0.631
7;G1_11;17.67
10;G1_11;3.113
11;G1_11;0.079
12;G1_11;1.731
4;G1_12;8.093
5;G1_12;1.158
6;G1_12;0.631
7;G1_12;17.67
10;G1_12;3.113
11;G1_12;0.051
12;G1_12;1.172
4;G1_13;5.838
5;G1_13;1.125
6;G1_13;0.631
7;G1_13;17.67
10;G1_13;3.113
11;G1_13;0.106
12;G1_13;2.421
4;G1_14;6.834
5;G1_14;1.096
6;G1_14;0.579
7;G1_14;15.33
10;G1_14;2.662
11;G1_14;0.291
12;G1_14;6.530
4;H1_1;9.946
5;H1_1;1.166
6;H1_1;0.231
7;H1_1;5.4
10;H1_1;2.277
11;H1_1;0.127
12;H1_1;2.836
4;H1_2;6.582
5;H1_2;1.072
6;H1_2;0.284
7;H1_2;6
10;H1_2;0.924
11;H1_2;0.189
12;H1_2;4.500
4;H1_3;2.908
5;H1_3;1.089
6;H1_3;0.231
7;H1_3;5.4
10;H1_3;2.277
11;H1_3;0.031
12;H1_3;0.497
4;H1_4;5.198
5;H1_4;1.227
6;H1_4;0.231
7;H1_4;5.4
10;H1_4;2.277
11;H1_4;0.081
12;H1_4;1.534
4;H1_5;3.355
5;H1_5;1.078
6;H1_5;0.231
7;H1_5;5.4
10;H1_5;2.277
11;H1_5;0.066
12;H1_5;1.593
4;H1_6;8.067
5;H1_6;1.136
6;H1_6;0.231
7;H1_6;5.4
10;H1_6;2.277
11;H1_6;0.219
12;H1_6;5.280
4;H1_7;8.966
5;H1_7;1.086
6;H1_7;0.231
7;H1_7;5.4
10;H1_7;2.277
11;H1_7;0.104
12;H1_7;2.615
4;H1_8;5.539
5;H1_8;1.099
6;H1_8;0.231
7;H1_8;5.4
10;H1_8;2.277
11;H1_8;0.202
12;H1_8;4.303
4;H1_9;1.224
5;H1_9;1.164
6;H1_9;0.020
7;H1_9;0
10;H1_9;0.000
11;H1_9;0.017
12;H1_9;0.362
4;H1_10;7.523
5;H1_10;1.138
6;H1_10;0.231
7;H1_10;5.4
10;H1_10;2.277
11;H1_10;0.178
12;H1_10;3.982
4;H1_11;3.968
5;H1_11;1.107
6;H1_11;0.163
7;H1_11;6
10;H1_11;1.121
11;H1_11;0.112
12;H1_11;1.958
4;H1_12;3.79
5;H1_12;1.114
6;H1_12;0.276
7;H1_12;9.5
10;H1_12;0.836
11;H1_12;0.094
12;H1_12;2.506
4;H1_13;5.045
5;H1_13;1.210
6;H1_13;0.276
7;H1_13;9.5
10;H1_13;0.836
11;H1_13;0.047
12;H1_13;1.405
4;H1_14;1.063
5;H1_14;1.104
6;H1_14;0.028
7;H1_14;0
10;H1_14;0.000
11;H1_14;0.023
12;H1_14;0.344
4;H1_15;5.985
5;H1_15;1.126
6;H1_15;0.169
7;H1_15;7
10;H1_15;1.059
11;H1_15;0.127
12;H1_15;2.615
4;H1_16;5.358
5;H1_16;1.243
6;H1_16;0.203
7;H1_16;7
10;H1_16;1.160
11;H1_16;0.188
12;H1_16;3.526
4;H1_17;5.612
5;H1_17;1.200
6;H1_17;0.186
7;H1_17;11
10;H1_17;1.841
11;H1_17;0.284
12;H1_17;5.359
4;H1_18;4.772
5;H1_18;1.093
6;H1_18;0.231
7;H1_18;5.4
10;H1_18;2.277
11;H1_18;0.041
12;H1_18;0.701
4;H1_19;5.999
5;H1_19;1.108
6;H1_19;0.231
7;H1_19;5.4
10;H1_19;2.277
11;H1_19;0.165
12;H1_19;3.601
4;H2_1;7.847
5;H2_1;1.109
6;H2_1;0.291
7;H2_1;11.17
10;H2_1;2.852
11;H2_1;0.174
12;H2_1;4.577
4;H2_2;7.848
5;H2_2;1.090
6;H2_2;0.291
7;H2_2;11.17
10;H2_2;2.852
11;H2_2;0.304
12;H2_2;6.735
4;H2_3;10.909
5;H2_3;1.092
6;H2_3;0.291
7;H2_3;11.17
10;H2_3;2.852
11;H2_3;0.254
12;H2_3;6.204
4;H2_4;5.945
5;H2_4;1.111
6;H2_4;0.291
7;H2_4;11.17
10;H2_4;2.852
11;H2_4;0.225
12;H2_4;5.152
4;H2_5;9.008
5;H2_5;1.081
6;H2_5;0.300
7;H2_5;9
10;H2_5;2.660
11;H2_5;0.159
12;H2_5;3.850
4;H2_6;4.749
5;H2_6;1.137
6;H2_6;0.291
7;H2_6;11.17
10;H2_6;2.852
11;H2_6;0.327
12;H2_6;7.057
4;H2_7;1.624
5;H2_7;1.091
6;H2_7;0.291
7;H2_7;11.17
10;H2_7;2.852
11;H2_7;0.022
12;H2_7;0.374
4;H2_8;0.888
5;H2_8;1.071
6;H2_8;0.061
7;H2_8;3
10;H2_8;1.374
11;H2_8;0.024
12;H2_8;0.318
4;H2_9;4.081
5;H2_9;1.105
6;H2_9;0.061
7;H2_9;3
10;H2_9;1.374
11;H2_9;0.039
12;H2_9;0.909
4;H2_10;7.815
5;H2_10;1.086
6;H2_10;0.238
7;H2_10;9.33
10;H2_10;1.764
11;H2_10;0.134
12;H2_10;3.103
4;H2_11;8.354
5;H2_11;1.221
6;H2_11;0.238
7;H2_11;9.33
10;H2_11;1.764
11;H2_11;0.114
12;H2_11;2.478
4;H2_12;7.411
5;H2_12;1.135
6;H2_12;0.238
7;H2_12;9.33
10;H2_12;1.764
11;H2_12;0.166
12;H2_12;3.395
4;H2_13;6.218
5;H2_13;1.060
6;H2_13;0.238
7;H2_13;9.33
10;H2_13;1.764
11;H2_13;0.158
12;H2_13;3.008
4;H2_14;8.196
5;H2_14;1.089
6;H2_14;0.238
7;H2_14;9.33
10;H2_14;1.764
11;H2_14;0.123
12;H2_14;2.643
4;H2_15;5.377
5;H2_15;1.078
6;H2_15;0.238
7;H2_15;9.33
10;H2_15;1.764
11;H2_15;0.116
12;H2_15;2.341
4;H2_16;8.037
5;H2_16;1.125
6;H2_16;0.205
7;H2_16;8.8
10;H2_16;1.829
11;H2_16;0.130
12;H2_16;3.043
4;H2_17;4.015
5;H2_17;1.071
6;H2_17;0.205
7;H2_17;8.8
10;H2_17;1.829
11;H2_17;0.047
12;H2_17;0.933
4;H2_18;7.993
5;H2_18;1.320
6;H2_18;0.205
7;H2_18;8.8
10;H2_18;1.829
11;H2_18;0.222
12;H2_18;4.337
4;H2_19;9.007
5;H2_19;1.101
6;H2_19;0.205
7;H2_19;8.8
10;H2_19;1.829
11;H2_19;0.115
12;H2_19;2.895
4;H2_20;3.087
5;H2_20;1.178
6;H2_20;0.205
7;H2_20;8.8
10;H2_20;1.829
11;H2_20;0.190
12;H2_20;3.814
4;H3_1;7.677
5;H3_1;1.174
6;H3_1;0.266
7;H3_1;13.2
10;H3_1;2.445
11;H3_1;0.173
12;H3_1;3.104
4;H3_2;2.61
5;H3_2;1.126
6;H3_2;0.266
7;H3_2;13.2
10;H3_2;2.445
11;H3_2;0.209
12;H3_2;3.671
4;H3_3;9.657
5;H3_3;1.101
6;H3_3;0.266
7;H3_3;13.2
10;H3_3;2.445
11;H3_3;0.261
12;H3_3;4.472
4;H3_4;8.139
5;H3_4;1.101
6;H3_4;0.266
7;H3_4;13.2
10;H3_4;2.445
11;H3_4;0.253
12;H3_4;5.870
4;H3_5;4.624
5;H3_5;1.067
6;H3_5;0.266
7;H3_5;13.2
10;H3_5;2.445
11;H3_5;0.128
12;H3_5;2.498
4;H3_6;11.646
5;H3_6;1.184
6;H3_6;0.439
7;H3_6;17.82
10;H3_6;2.949
11;H3_6;0.206
12;H3_6;4.056
4;H3_7;9.135
5;H3_7;1.173
6;H3_7;0.439
7;H3_7;17.82
10;H3_7;2.949
11;H3_7;0.152
12;H3_7;3.189
4;H3_8;5.602
5;H3_8;1.072
6;H3_8;0.439
7;H3_8;17.82
10;H3_8;2.949
11;H3_8;0.176
12;H3_8;3.407
4;H3_9;7.029
5;H3_9;1.072
6;H3_9;0.439
7;H3_9;17.82
10;H3_9;2.949
11;H3_9;0.207
12;H3_9;4.361
4;H3_10;9.386
5;H3_10;1.088
6;H3_10;0.439
7;H3_10;17.82
10;H3_10;2.949
11;H3_10;0.130
12;H3_10;3.328
4;H3_11;8.393
5;H3_11;1.232
6;H3_11;0.439
7;H3_11;17.82
10;H3_11;2.949
11;H3_11;0.084
12;H3_11;1.913
4;H3_12;1.252
5;H3_12;1.132
6;H3_12;0.439
7;H3_12;17.82
10;H3_12;2.949
11;H3_12;0.328
12;H3_12;7.176
4;H3_13;10.496
5;H3_13;1.080
6;H3_13;0.439
7;H3_13;17.82
10;H3_13;2.949
11;H3_13;0.362
12;H3_13;8.167
4;H3_14;8.038
5;H3_14;1.098
6;H3_14;0.439
7;H3_14;17.82
10;H3_14;2.949
11;H3_14;0.189
12;H3_14;3.831
4;H3_15;10.917
5;H3_15;1.103
6;H3_15;0.439
7;H3_15;17.82
10;H3_15;2.949
11;H3_15;0.228
12;H3_15;5.583
4;H3_16;8.025
5;H3_16;1.102
6;H3_16;0.439
7;H3_16;17.82
10;H3_16;2.949
11;H3_16;0.720
12;H3_16;17.724
4;I1_1;10.829
5;I1_1;1.109
6;I1_1;0.417
7;I1_1;15.92
10;I1_1;2.929
11;I1_1;0.303
12;I1_1;5.004
4;I1_2;7.536
5;I1_2;1.144
6;I1_2;0.417
7;I1_2;15.92
10;I1_2;2.929
11;I1_2;0.198
12;I1_2;3.627
4;I1_3;7.965
5;I1_3;1.141
6;I1_3;0.417
7;I1_3;15.92
10;I1_3;2.929
11;I1_3;0.225
12;I1_3;3.572
4;I1_4;3.704
5;I1_4;1.086
6;I1_4;0.417
7;I1_4;15.92
10;I1_4;2.929
11;I1_4;0.414
12;I1_4;6.647
4;I1_5;7.312
5;I1_5;1.116
6;I1_5;0.417
7;I1_5;15.92
10;I1_5;2.929
11;I1_5;0.393
12;I1_5;6.264
4;I1_6;7.753
5;I1_6;1.136
6;I1_6;0.417
7;I1_6;15.92
10;I1_6;2.929
11;I1_6;0.372
12;I1_6;5.881
4;I1_7;6.91
5;I1_7;1.101
6;I1_7;0.417
7;I1_7;15.92
10;I1_7;2.929
11;I1_7;0.067
12;I1_7;1.122
4;I1_8;10.921
5;I1_8;1.113
6;I1_8;0.417
7;I1_8;15.92
10;I1_8;2.929
11;I1_8;0.154
12;I1_8;3.543
4;I1_9;8.899
5;I1_9;1.162
6;I1_9;0.417
7;I1_9;15.92
10;I1_9;2.929
11;I1_9;0.311
12;I1_9;6.219
4;I1_10;3.756
5;I1_10;1.115
6;I1_10;0.417
7;I1_10;15.92
10;I1_10;2.929
11;I1_10;0.304
12;I1_10;5.707
4;I1_11;10.409
5;I1_11;1.087
6;I1_11;0.417
7;I1_11;15.92
10;I1_11;2.929
11;I1_11;0.041
12;I1_11;0.537
4;I1_12;6.204
5;I1_12;1.148
6;I1_12;0.417
7;I1_12;15.92
10;I1_12;2.929
11;I1_12;0.212
12;I1_12;3.171
4;I1_13;10.78
5;I1_13;1.120
6;I1_13;0.357
7;I1_13;13.71
10;I1_13;3.054
11;I1_13;0.062
12;I1_13;0.771
4;I1_14;10.701
5;I1_14;1.176
6;I1_14;0.357
7;I1_14;13.71
10;I1_14;3.054
11;I1_14;0.257
12;I1_14;3.843
4;I1_15;0.054
5;I1_15;1.080
6;I1_15;0.357
7;I1_15;13.71
10;I1_15;3.054
11;I1_15;0.309
12;I1_15;5.461
4;I1_16;6.853
5;I1_16;1.078
6;I1_16;0.357
7;I1_16;13.71
10;I1_16;3.054
11;I1_16;0.128
12;I1_16;2.326
4;I1_17;6.146
5;I1_17;1.183
6;I1_17;0.357
7;I1_17;13.71
10;I1_17;3.054
11;I1_17;0.160
12;I1_17;2.949
4;I1_18;6.869
5;I1_18;1.115
6;I1_18;0.357
7;I1_18;13.71
10;I1_18;3.054
11;I1_18;0.151
12;I1_18;3.059
4;I1_19;4.443
5;I1_19;1.111
6;I1_19;0.276
7;I1_19;9
10;I1_19;1.778
11;I1_19;0.284
12;I1_19;5.136
4;I1_20;6.87
5;I1_20;1.101
6;I1_20;0.357
7;I1_20;13.71
10;I1_20;3.054
11;I1_20;0.194
12;I1_20;3.748
4;I1_21;5.134
5;I1_21;1.250
6;I1_21;0.276
7;I1_21;9
10;I1_21;1.778
11;I1_21;0.242
12;I1_21;5.072
4;I1_22;6.175
5;I1_22;1.149
6;I1_22;0.276
7;I1_22;9
10;I1_22;1.778
11;I1_22;0.225
12;I1_22;3.970
4;I2_1;10.077
5;I2_1;1.124
6;I2_1;0.578
7;I2_1;16.4
10;I2_1;2.971
11;I2_1;0.392
12;I2_1;7.553
4;I2_2;6.493
5;I2_2;1.104
6;I2_2;0.578
7;I2_2;16.4
10;I2_2;2.971
11;I2_2;0.368
12;I2_2;5.639
4;I2_3;9.999
5;I2_3;1.122
6;I2_3;0.578
7;I2_3;16.4
10;I2_3;2.971
11;I2_3;0.329
12;I2_3;6.185
4;I2_4;10.166
5;I2_4;1.115
6;I2_4;0.578
7;I2_4;16.4
10;I2_4;2.971
11;I2_4;0.440
12;I2_4;7.740
4;I2_5;7.127
5;I2_5;1.137
6;I2_5;0.578
7;I2_5;16.4
10;I2_5;2.971
11;I2_5;0.434
12;I2_5;7.901
4;I2_6;6.844
5;I2_6;1.086
6;I2_6;0.578
7;I2_6;16.4
10;I2_6;2.971
11;I2_6;0.312
12;I2_6;6.730
4;I2_7;10.317
5;I2_7;1.129
6;I2_7;0.578
7;I2_7;16.4
10;I2_7;2.971
11;I2_7;0.325
12;I2_7;5.877
4;I2_8;10.897
5;I2_8;1.104
6;I2_8;0.578
7;I2_8;16.4
10;I2_8;2.971
11;I2_8;0.389
12;I2_8;6.693
4;I2_9;7.091
5;I2_9;1.151
6;I2_9;0.578
7;I2_9;16.4
10;I2_9;2.971
11;I2_9;0.386
12;I2_9;7.252
4;I2_10;5.175
5;I2_10;1.143
6;I2_10;0.578
7;I2_10;16.4
10;I2_10;2.971
11;I2_10;0.386
12;I2_10;8.139
4;I2_11;10.168
5;I2_11;1.103
6;I2_11;0.340
7;I2_11;14.33
10;I2_11;2.082
11;I2_11;0.376
12;I2_11;6.813
4;I2_12;6.706
5;I2_12;1.113
6;I2_12;0.340
7;I2_12;14.33
10;I2_12;2.082
11;I2_12;0.547
12;I2_12;9.566
4;I2_13;5.855
5;I2_13;1.094
6;I2_13;0.340
7;I2_13;14.33
10;I2_13;2.082
11;I2_13;0.536
12;I2_13;8.613
4;I2_14;8.18
5;I2_14;1.144
6;I2_14;0.340
7;I2_14;14.33
10;I2_14;2.082
11;I2_14;0.295
12;I2_14;5.473
4;I2_15;9.71
5;I2_15;1.119
6;I2_15;0.340
7;I2_15;14.33
10;I2_15;2.082
11;I2_15;0.284
12;I2_15;4.576
4;I2_16;4.63
5;I2_16;1.164
6;I2_16;0.340
7;I2_16;14.33
10;I2_16;2.082
11;I2_16;0.296
12;I2_16;5.243
4;I2_17;6.534
5;I2_17;1.150
6;I2_17;0.340
7;I2_17;14.33
10;I2_17;2.082
11;I2_17;0.304
12;I2_17;5.701
4;I2_18;5.049
5;I2_18;1.154
6;I2_18;0.340
7;I2_18;14.33
10;I2_18;2.082
11;I2_18;0.313
12;I2_18;5.249
4;I2_19;4.07
5;I2_19;1.152
6;I2_19;0.340
7;I2_19;14.33
10;I2_19;2.082
11;I2_19;0.388
12;I2_19;7.248
4;J1_1;6.705
5;J1_1;1.056
6;J1_1;0.149
7;J1_1;8
10;J1_1;1.330
11;J1_1;0.240
12;J1_1;4.844
4;J1_2;6.962
5;J1_2;1.070
6;J1_2;0.219
7;J1_2;13
10;J1_2;1.871
11;J1_2;0.157
12;J1_2;2.656
4;J1_3;5.678
5;J1_3;1.058
6;J1_3;0.219
7;J1_3;11
10;J1_3;2.127
11;J1_3;0.167
12;J1_3;2.853
4;J1_4;6.927
5;J1_4;1.095
6;J1_4;0.264
7;J1_4;17.5
10;J1_4;1.910
11;J1_4;0.180
12;J1_4;3.074
4;J1_5;5.106
5;J1_5;1.077
6;J1_5;0.174
7;J1_5;13
10;J1_5;1.425
11;J1_5;0.224
12;J1_5;4.089
4;J1_6;7.159
5;J1_6;1.084
6;J1_6;0.326
7;J1_6;19
10;J1_6;1.888
11;J1_6;0.221
12;J1_6;3.539
4;J1_7;6.961
5;J1_7;1.060
6;J1_7;0.256
7;J1_7;14.14
10;J1_7;2.319
11;J1_7;0.246
12;J1_7;4.437
4;J1_8;6.904
5;J1_8;1.044
6;J1_8;0.256
7;J1_8;14.14
10;J1_8;2.319
11;J1_8;0.133
12;J1_8;2.137
4;J1_9;0.886
5;J1_9;1.055
6;J1_9;0.028
7;J1_9;2
10;J1_9;0.437
11;J1_9;0.025
12;J1_9;0.208
4;J1_10;5.572
5;J1_10;1.055
6;J1_10;0.256
7;J1_10;14.14
10;J1_10;2.319
11;J1_10;0.194
12;J1_10;3.710
4;J1_11;4.439
5;J1_11;1.074
6;J1_11;0.256
7;J1_11;14.14
10;J1_11;2.319
11;J1_11;0.096
12;J1_11;1.527
4;J1_12;9.76
5;J1_12;1.078
6;J1_12;0.256
7;J1_12;14.14
10;J1_12;2.319
11;J1_12;0.217
12;J1_12;4.033
4;J1_13;7.81
5;J1_13;1.064
6;J1_13;0.256
7;J1_13;14.14
10;J1_13;2.319
11;J1_13;0.115
12;J1_13;2.008
4;J1_14;9.874
5;J1_14;1.087
6;J1_14;0.256
7;J1_14;14.14
10;J1_14;2.319
11;J1_14;0.168
12;J1_14;3.208
4;J1_15;9.245
5;J1_15;1.066
6;J1_15;0.344
7;J1_15;18
10;J1_15;2.770
11;J1_15;0.148
12;J1_15;2.617
4;J1_16;8.27
5;J1_16;1.076
6;J1_16;0.264
7;J1_16;17.5
10;J1_16;1.910
11;J1_16;0.327
12;J1_16;6.648
4;J1_17;7.428
5;J1_17;1.063
6;J1_17;0.218
7;J1_17;14
10;J1_17;2.095
11;J1_17;0.082
12;J1_17;1.330
4;J1_18;7.541
5;J1_18;1.096
6;J1_18;0.219
7;J1_18;11
10;J1_18;2.127
11;J1_18;0.151
12;J1_18;3.343
4;J1_19;2.574
5;J1_19;1.058
6;J1_19;0.046
7;J1_19;1
10;J1_19;0.000
11;J1_19;0.086
12;J1_19;1.749
4;J1_20;6.336
5;J1_20;1.077
6;J1_20;0.155
7;J1_20;5
10;J1_20;1.231
11;J1_20;0.172
12;J1_20;3.721
4;J2_1;6.312
5;J2_1;1.073
6;J2_1;0.163
7;J2_1;7.67
10;J2_1;1.901
11;J2_1;0.134
12;J2_1;2.174
4;J2_2;6.817
5;J2_2;1.047
6;J2_2;0.163
7;J2_2;11
10;J2_2;1.640
11;J2_2;0.162
12;J2_2;2.604
4;J2_3;5.842
5;J2_3;1.056
6;J2_3;0.213
7;J2_3;12.33
10;J2_3;1.973
11;J2_3;0.164
12;J2_3;2.180
4;J2_4;7.128
5;J2_4;1.101
6;J2_4;0.213
7;J2_4;12.33
10;J2_4;1.973
11;J2_4;0.172
12;J2_4;1.964
4;J2_5;4.425
5;J2_5;1.082
6;J2_5;0.230
7;J2_5;13
10;J2_5;0.950
11;J2_5;0.096
12;J2_5;0.985
4;J2_6;6.724
5;J2_6;1.056
6;J2_6;0.345
7;J2_6;17
10;J2_6;1.697
11;J2_6;0.255
12;J2_6;3.351
4;J2_7;6.185
5;J2_7;1.076
6;J2_7;0.229
7;J2_7;13
10;J2_7;1.737
11;J2_7;0.140
12;J2_7;1.527
4;J2_8;6.644
5;J2_8;1.070
6;J2_8;0.208
7;J2_8;9
10;J2_8;0.887
11;J2_8;0.223
12;J2_8;2.591
4;J2_9;2.7
5;J2_9;1.067
6;J2_9;0.122
7;J2_9;4
10;J2_9;0.432
11;J2_9;0.047
12;J2_9;0.446
4;J2_10;4.181
5;J2_10;1.097
6;J2_10;0.153
7;J2_10;11
10;J2_10;0.941
11;J2_10;0.106
12;J2_10;0.959
4;J2_11;9.428
5;J2_11;1.083
6;J2_11;0.259
7;J2_11;13
10;J2_11;2.960
11;J2_11;0.087
12;J2_11;0.600
4;J2_12;10.078
5;J2_12;1.071
6;J2_12;0.407
7;J2_12;26
10;J2_12;2.270
11;J2_12;0.120
12;J2_12;0.772
4;J2_13;8.239
5;J2_13;1.083
6;J2_13;0.328
7;J2_13;22
10;J2_13;2.377
11;J2_13;0.129
12;J2_13;0.641
4;J2_14;1.617
5;J2_14;1.056
6;J2_14;0.046
7;J2_14;2
10;J2_14;0.851
11;J2_14;0.017
12;J2_14;0.042
4;J2_15;7.803
5;J2_15;1.079
6;J2_15;0.402
7;J2_15;24
10;J2_15;2.266
11;J2_15;0.116
12;J2_15;1.029
4;J2_16;6.602
5;J2_16;1.080
6;J2_16;0.293
7;J2_16;17
10;J2_16;2.129
11;J2_16;0.100
12;J2_16;0.988
4;J2_17;10.014
5;J2_17;1.080
6;J2_17;0.213
7;J2_17;12.33
10;J2_17;1.973
11;J2_17;0.124
12;J2_17;1.461
4;J2_18;6.586
5;J2_18;1.078
6;J2_18;0.216
7;J2_18;11
10;J2_18;2.158
11;J2_18;0.105
12;J2_18;1.189
4;J2_19;5.849
5;J2_19;1.113
6;J2_19;0.163
7;J2_19;7.67
10;J2_19;1.901
11;J2_19;0.103
12;J2_19;1.078
4;J2_20;3.35
5;J2_20;1.089
6;J2_20;0.163
7;J2_20;7.67
10;J2_20;1.901
11;J2_20;0.180
12;J2_20;2.364
4;J3_1;6.833
5;J3_1;1.044
6;J3_1;0.141
7;J3_1;9
10;J3_1;1.672
11;J3_1;0.132
12;J3_1;2.084
4;J3_2;6.221
5;J3_2;1.076
6;J3_2;0.301
7;J3_2;14.5
10;J3_2;1.824
11;J3_2;0.250
12;J3_2;4.423
4;J3_3;7.038
5;J3_3;1.090
6;J3_3;0.301
7;J3_3;14.5
10;J3_3;1.824
11;J3_3;0.146
12;J3_3;2.389
4;J3_4;5.911
5;J3_4;1.099
6;J3_4;0.301
7;J3_4;14.5
10;J3_4;1.824
11;J3_4;0.072
12;J3_4;0.994
4;J3_5;5.239
5;J3_5;1.112
6;J3_5;0.210
7;J3_5;11.5
10;J3_5;2.561
11;J3_5;0.165
12;J3_5;2.763
4;J3_6;7.106
5;J3_6;1.075
6;J3_6;0.133
7;J3_6;8
10;J3_6;1.759
11;J3_6;0.191
12;J3_6;2.906
4;J3_7;1.889
5;J3_7;1.123
6;J3_7;0.068
7;J3_7;2
10;J3_7;0.538
11;J3_7;0.058
12;J3_7;0.849
4;J3_8;5.573
5;J3_8;1.081
6;J3_8;0.157
7;J3_8;13
10;J3_8;1.535
11;J3_8;0.153
12;J3_8;2.392
4;J3_9;6.997
5;J3_9;1.065
6;J3_9;0.159
7;J3_9;7.5
10;J3_9;3.139
11;J3_9;0.123
12;J3_9;2.221
4;J3_10;6.974
5;J3_10;1.091
6;J3_10;0.173
7;J3_10;10.5
10;J3_10;2.172
11;J3_10;0.083
12;J3_10;1.424
4;J3_11;4.079
5;J3_11;1.068
6;J3_11;0.073
7;J3_11;4
10;J3_11;0.228
11;J3_11;0.122
12;J3_11;2.352
4;J3_12;2.561
5;J3_12;1.140
6;J3_12;0.088
7;J3_12;4
10;J3_12;0.882
11;J3_12;0.018
12;J3_12;0.236
4;J3_13;4.541
5;J3_13;1.086
6;J3_13;0.088
7;J3_13;4
10;J3_13;0.882
11;J3_13;0.247
12;J3_13;4.640
4;J3_14;10.033
5;J3_14;1.055
6;J3_14;0.173
7;J3_14;10.5
10;J3_14;2.172
11;J3_14;0.118
12;J3_14;2.124
4;J3_15;7.492
5;J3_15;1.105
6;J3_15;0.159
7;J3_15;7.5
10;J3_15;3.139
11;J3_15;0.071
12;J3_15;0.815
4;J3_16;5.672
5;J3_16;1.090
6;J3_16;0.139
7;J3_16;9
10;J3_16;0.000
11;J3_16;0.116
12;J3_16;1.786
4;J3_17;5.355
5;J3_17;1.075
6;J3_17;0.133
7;J3_17;8
10;J3_17;1.759
11;J3_17;0.075
12;J3_17;1.428
4;J3_18;8.98
5;J3_18;1.099
6;J3_18;0.215
7;J3_18;14
10;J3_18;2.879
11;J3_18;0.283
12;J3_18;5.276
4;J3_19;10.475
5;J3_19;1.085
6;J3_19;0.210
7;J3_19;11.5
10;J3_19;2.561
11;J3_19;0.109
12;J3_19;2.033
4;J3_20;9.164
5;J3_20;1.123
6;J3_20;0.301
7;J3_20;14.5
10;J3_20;1.824
11;J3_20;0.231
12;J3_20;3.845
4;K1_1;0.438
5;K1_1;1.082
6;K1_1;0.013
7;K1_1;1
10;K1_1;0.000
11;K1_1;0.013
12;K1_1;0.297
4;K1_2;0.103
5;K1_2;1.031
6;K1_2;0.006
7;K1_2;1
10;K1_2;0.000
11;K1_2;0.004
12;K1_2;0.107
4;K1_3;1.273
5;K1_3;1.116
6;K1_3;0.033
7;K1_3;2
10;K1_3;0.244
11;K1_3;0.010
12;K1_3;0.277
4;K1_4;0.477
5;K1_4;1.704
6;K1_4;0.009
7;K1_4;0
10;K1_4;0.000
11;K1_4;0.009
12;K1_4;0.206
4;K1_5;2.799
5;K1_5;1.095
6;K1_5;0.058
7;K1_5;2
10;K1_5;0.428
11;K1_5;0.041
12;K1_5;1.115
4;K1_6;1.016
5;K1_6;1.083
6;K1_6;0.022
7;K1_6;1
10;K1_6;0.000
11;K1_6;0.011
12;K1_6;0.276
4;K1_7;0.18
5;K1_7;1.168
6;K1_7;0.006
7;K1_7;1
10;K1_7;0.000
11;K1_7;0.006
12;K1_7;0.157
4;K1_8;0.37
5;K1_8;1.054
6;K1_8;0.007
7;K1_8;0
10;K1_8;0.000
11;K1_8;0.003
12;K1_8;0.077
4;K1_9;0.503
5;K1_9;1.071
6;K1_9;0.012
7;K1_9;0
10;K1_9;0.000
11;K1_9;0.011
12;K1_9;0.211
4;K1_10;0.592
5;K1_10;1.147
6;K1_10;0.009
7;K1_10;1
10;K1_10;0.000
11;K1_10;0.009
12;K1_10;0.177
4;K1_11;0.26
5;K1_11;1.077
6;K1_11;0.006
7;K1_11;1
10;K1_11;0.000
11;K1_11;0.010
12;K1_11;0.183
4;K1_12;0.2
5;K1_12;1.068
6;K1_12;0.005
7;K1_12;0
10;K1_12;0.000
11;K1_12;0.006
12;K1_12;0.115
4;K1_13;0.085
5;K1_13;1.049
6;K1_13;0.001
7;K1_13;0
10;K1_13;0.000
11;K1_13;0.009
12;K1_13;0.181
4;K1_14;0.493
5;K1_14;1.256
6;K1_14;0.008
7;K1_14;0
10;K1_14;0.000
11;K1_14;0.010
12;K1_14;0.220
4;K1_15;0.431
5;K1_15;1.759
6;K1_15;0.058
7;K1_15;2
10;K1_15;0.428
11;K1_15;0.012
12;K1_15;0.226
4;K1_16;0.571
5;K1_16;1.043
6;K1_16;0.009
7;K1_16;0
10;K1_16;0.000
11;K1_16;0.012
12;K1_16;0.209
4;K1_17;0.577
5;K1_17;1.800
6;K1_17;0.010
7;K1_17;0
10;K1_17;0.000
11;K1_17;0.009
12;K1_17;0.188
4;K2_1;1.573
5;K2_1;1.142
6;K2_1;0.061
7;K2_1;1
10;K2_1;0.000
11;K2_1;0.023
12;K2_1;0.479
4;K2_2;1.336
5;K2_2;1.074
6;K2_2;0.030
7;K2_2;1
10;K2_2;0.000
11;K2_2;0.012
12;K2_2;0.259
4;K2_3;0.638
5;K2_3;1.327
6;K2_3;0.009
7;K2_3;1
10;K2_3;0.000
11;K2_3;0.014
12;K2_3;0.187
4;K2_4;0.376
5;K2_4;1.269
6;K2_4;0.008
7;K2_4;0
10;K2_4;0.000
11;K2_4;0.006
12;K2_4;0.114
4;K2_5;0.494
5;K2_5;1.153
6;K2_5;0.017
7;K2_5;1
10;K2_5;0.000
11;K2_5;0.010
12;K2_5;0.221
4;K2_6;2.308
5;K2_6;1.060
6;K2_6;0.085
7;K2_6;5
10;K2_6;0.546
11;K2_6;0.034
12;K2_6;0.814
4;K2_7;1.318
5;K2_7;1.081
6;K2_7;0.026
7;K2_7;0
10;K2_7;0.000
11;K2_7;0.006
12;K2_7;0.120
4;K2_8;0.874
5;K2_8;1.136
6;K2_8;0.018
7;K2_8;1
10;K2_8;0.000
11;K2_8;0.009
12;K2_8;0.176
4;K2_9;0.362
5;K2_9;1.094
6;K2_9;0.008
7;K2_9;1
10;K2_9;0.000
11;K2_9;0.008
12;K2_9;0.129
4;K2_10;0.244
5;K2_10;1.203
6;K2_10;0.007
7;K2_10;1
10;K2_10;0.000
11;K2_10;0.012
12;K2_10;0.168
4;K2_11;0.283
5;K2_11;1.112
6;K2_11;0.009
7;K2_11;1
10;K2_11;0.000
11;K2_11;0.008
12;K2_11;0.153
4;K2_12;0.176
5;K2_12;1.071
6;K2_12;0.007
7;K2_12;1
10;K2_12;0.000
11;K2_12;0.008
12;K2_12;0.122
4;K2_13;1.294
5;K2_13;1.106
6;K2_13;0.029
7;K2_13;1
10;K2_13;0.000
11;K2_13;0.012
12;K2_13;0.209
4;K2_14;0.321
5;K2_14;1.082
6;K2_14;0.007
7;K2_14;1
10;K2_14;0.000
11;K2_14;0.012
12;K2_14;0.185
4;K2_15;1.44
5;K2_15;1.103
6;K2_15;0.048
7;K2_15;2
10;K2_15;0.031
11;K2_15;0.031
12;K2_15;0.684
4;K2_16;1.081
5;K2_16;1.119
6;K2_16;0.034
7;K2_16;3
10;K2_16;0.072
11;K2_16;0.010
12;K2_16;0.145
4;K2_17;0.491
5;K2_17;1.045
6;K2_17;0.012
7;K2_17;0
10;K2_17;0.000
11;K2_17;0.010
12;K2_17;0.187
4;K2_18;0.231
5;K2_18;1.028
6;K2_18;0.004
7;K2_18;0
10;K2_18;0.000
11;K2_18;0.007
12;K2_18;0.118
4;L1_1;5.247
5;L1_1;1.172
6;L1_1;0.096
7;L1_1;2
10;L1_1;2.240
11;L1_1;0.044
12;L1_1;0.873
4;L1_2;7.548
5;L1_2;1.212
6;L1_2;0.159
7;L1_2;3.5
10;L1_2;1.560
11;L1_2;0.070
12;L1_2;1.570
4;L1_3;7.609
5;L1_3;1.196
6;L1_3;0.159
7;L1_3;3.5
10;L1_3;1.560
11;L1_3;0.059
12;L1_3;1.431
4;L1_4;6.224
5;L1_4;1.157
6;L1_4;0.145
7;L1_4;5
10;L1_4;1.153
11;L1_4;0.085
12;L1_4;1.648
4;L1_5;4.782
5;L1_5;1.348
6;L1_5;0.202
7;L1_5;9.2
10;L1_5;1.410
11;L1_5;0.120
12;L1_5;2.599
4;L1_6;7.511
5;L1_6;1.393
6;L1_6;0.202
7;L1_6;9.2
10;L1_6;1.410
11;L1_6;0.072
12;L1_6;1.372
4;L1_7;5.8
5;L1_7;1.165
6;L1_7;0.202
7;L1_7;9.2
10;L1_7;1.410
11;L1_7;0.081
12;L1_7;1.727
4;L1_8;6.883
5;L1_8;1.134
6;L1_8;0.202
7;L1_8;9.2
10;L1_8;1.410
11;L1_8;0.051
12;L1_8;1.029
4;L1_9;5.168
5;L1_9;1.171
6;L1_9;0.202
7;L1_9;9.2
10;L1_9;1.410
11;L1_9;0.049
12;L1_9;1.055
4;L1_10;4.428
5;L1_10;1.178
6;L1_10;0.233
7;L1_10;11
10;L1_10;1.547
11;L1_10;0.127
12;L1_10;2.476
4;L1_11;6.876
5;L1_11;1.156
6;L1_11;0.233
7;L1_11;11
10;L1_11;1.547
11;L1_11;0.048
12;L1_11;0.904
4;L1_12;4.823
5;L1_12;1.136
6;L1_12;0.128
7;L1_12;5
10;L1_12;1.739
11;L1_12;0.086
12;L1_12;1.440
4;L1_13;7.438
5;L1_13;1.230
6;L1_13;0.312
7;L1_13;16.5
10;L1_13;2.523
11;L1_13;0.090
12;L1_13;1.650
4;L1_14;3.568
5;L1_14;1.206
6;L1_14;0.114
7;L1_14;4
10;L1_14;1.217
11;L1_14;0.166
12;L1_14;2.844
4;L1_15;10.336
5;L1_15;1.161
6;L1_15;0.312
7;L1_15;16.5
10;L1_15;2.523
11;L1_15;0.145
12;L1_15;2.969
4;L1_16;7.06
5;L1_16;1.175
6;L1_16;0.210
7;L1_16;8
10;L1_16;1.517
11;L1_16;0.069
12;L1_16;1.472
4;L1_17;7.818
5;L1_17;1.157
6;L1_17;0.233
7;L1_17;11
10;L1_17;1.547
11;L1_17;0.075
12;L1_17;1.727
4;L2_1;8.181
5;L2_1;1.160
6;L2_1;0.128
7;L2_1;1
10;L2_1;0.000
11;L2_1;0.037
12;L2_1;0.900
4;L2_2;4.471
5;L2_2;1.205
6;L2_2;0.128
7;L2_2;1
10;L2_2;0.000
11;L2_2;0.031
12;L2_2;0.611
4;L2_3;6.329
5;L2_3;1.097
6;L2_3;0.158
7;L2_3;8
10;L2_3;1.833
11;L2_3;0.060
12;L2_3;1.220
4;L2_4;10.197
5;L2_4;1.144
6;L2_4;0.295
7;L2_4;12.5
10;L2_4;1.841
11;L2_4;0.061
12;L2_4;1.284
4;L2_5;7.554
5;L2_5;1.142
6;L2_5;0.295
7;L2_5;12.5
10;L2_5;1.841
11;L2_5;0.117
12;L2_5;2.587
4;L2_6;8.743
5;L2_6;1.149
6;L2_6;0.268
7;L2_6;11
10;L2_6;1.502
11;L2_6;0.102
12;L2_6;1.875
4;L2_7;7.342
5;L2_7;1.336
6;L2_7;0.296
7;L2_7;12
10;L2_7;1.846
11;L2_7;0.075
12;L2_7;1.159
4;L2_8;3.895
5;L2_8;1.297
6;L2_8;0.116
7;L2_8;3
10;L2_8;0.390
11;L2_8;0.066
12;L2_8;1.145
4;L2_9;8.365
5;L2_9;1.193
6;L2_9;0.270
7;L2_9;10
10;L2_9;1.939
11;L2_9;0.141
12;L2_9;2.131
4;L2_10;1.698
5;L2_10;1.144
6;L2_10;0.051
7;L2_10;2
10;L2_10;0.926
11;L2_10;0.052
12;L2_10;0.698
4;L2_11;6.181
5;L2_11;1.184
6;L2_11;0.230
7;L2_11;9
10;L2_11;2.017
11;L2_11;0.094
12;L2_11;1.383
4;M1_1;0.13
5;M1_1;1.237
6;M1_1;0.004
7;M1_1;0
10;M1_1;0.000
11;M1_1;0.011
12;M1_1;0.101
4;M1_2;0.436
5;M1_2;1.036
6;M1_2;0.007
7;M1_2;0
10;M1_2;0.000
11;M1_2;0.015
12;M1_2;0.138
4;M1_3;0.095
5;M1_3;1.058
6;M1_3;0.005
7;M1_3;0
10;M1_3;0.000
11;M1_3;0.011
12;M1_3;0.134
4;M1_4;1.023
5;M1_4;1.066
6;M1_4;0.021
7;M1_4;1
10;M1_4;0.000
11;M1_4;0.030
12;M1_4;0.457
4;M1_5;0.93
5;M1_5;1.213
6;M1_5;0.029
7;M1_5;1
10;M1_5;0.000
11;M1_5;0.018
12;M1_5;0.265
4;M1_6;0.406
5;M1_6;1.093
6;M1_6;0.013
7;M1_6;1
10;M1_6;0.000
11;M1_6;0.016
12;M1_6;0.167
4;M1_7;1.017
5;M1_7;1.122
6;M1_7;0.028
7;M1_7;1
10;M1_7;0.000
11;M1_7;0.021
12;M1_7;0.218
4;M1_8;0.085
5;M1_8;1.049
6;M1_8;0.006
7;M1_8;1
10;M1_8;0.000
11;M1_8;0.005
12;M1_8;0.036
4;M1_9;7.072
5;M1_9;1.078
6;M1_9;0.183
7;M1_9;6
10;M1_9;1.123
11;M1_9;0.151
12;M1_9;2.232
4;M1_10;0.339
5;M1_10;1.010
6;M1_10;0.007
7;M1_10;0
10;M1_10;0.000
11;M1_10;0.013
12;M1_10;0.138
4;M1_11;0.31
5;M1_11;1.057
6;M1_11;0.012
7;M1_11;1
10;M1_11;0.000
11;M1_11;0.016
12;M1_11;0.127
4;M1_12;0.952
5;M1_12;1.144
6;M1_12;0.023
7;M1_12;0
10;M1_12;0.000
11;M1_12;0.020
12;M1_12;0.215
4;M1_13;0.132
5;M1_13;1.073
6;M1_13;0.005
7;M1_13;0
10;M1_13;0.000
11;M1_13;0.014
12;M1_13;0.371
4;M1_14;4.553
5;M1_14;1.123
6;M1_14;0.169
7;M1_14;3
10;M1_14;0.503
11;M1_14;0.139
12;M1_14;1.976
4;M1_15;0.298
5;M1_15;1.068
6;M1_15;0.005
7;M1_15;0
10;M1_15;0.000
11;M1_15;0.012
12;M1_15;0.126
4;M1_16;2.068
5;M1_16;1.085
6;M1_16;0.040
7;M1_16;0
10;M1_16;0.000
11;M1_16;0.027
12;M1_16;0.427
4;M2_1;0.611
5;M2_1;1.274
6;M2_1;0.014
7;M2_1;0
10;M2_1;0.000
11;M2_1;0.015
12;M2_1;0.193
4;M2_2;0.174
5;M2_2;1.077
6;M2_2;0.010
7;M2_2;1
10;M2_2;0.000
11;M2_2;0.014
12;M2_2;0.147
4;M2_3;0.225
5;M2_3;1.367
6;M2_3;0.011
7;M2_3;1
10;M2_3;0.000
11;M2_3;0.010
12;M2_3;0.110
4;M2_4;3.342
5;M2_4;1.060
6;M2_4;0.072
7;M2_4;1
10;M2_4;0.000
11;M2_4;0.057
12;M2_4;0.722
4;M2_5;0.066
5;M2_5;1.033
6;M2_5;0.005
7;M2_5;1
10;M2_5;0.000
11;M2_5;0.010
12;M2_5;0.081
4;M2_6;2.266
5;M2_6;1.066
6;M2_6;0.056
7;M2_6;2
10;M2_6;0.261
11;M2_6;0.031
12;M2_6;0.373
4;M2_7;2.636
5;M2_7;1.135
6;M2_7;0.064
7;M2_7;2
10;M2_7;1.152
11;M2_7;0.044
12;M2_7;0.509
4;M2_8;0.295
5;M2_8;1.080
6;M2_8;0.012
7;M2_8;2
10;M2_8;0.000
11;M2_8;0.014
12;M2_8;0.133
4;M2_9;0.905
5;M2_9;1.054
6;M2_9;0.023
7;M2_9;1
10;M2_9;0.000
11;M2_9;0.015
12;M2_9;0.178
4;M2_10;0.483
5;M2_10;1.102
6;M2_10;0.017
7;M2_10;1
10;M2_10;0.000
11;M2_10;0.017
12;M2_10;0.163
4;M2_11;0.068
5;M2_11;1.000
6;M2_11;0.004
7;M2_11;0
10;M2_11;0.000
11;M2_11;0.012
12;M2_11;0.140
4;M2_12;0.478
5;M2_12;1.033
6;M2_12;0.014
7;M2_12;1
10;M2_12;0.000
11;M2_12;0.012
12;M2_12;0.149
4;M2_13;0.745
5;M2_13;1.034
6;M2_13;0.020
7;M2_13;1
10;M2_13;0.000
11;M2_13;0.017
12;M2_13;0.211
4;M2_14;0.583
5;M2_14;1.043
6;M2_14;0.012
7;M2_14;1
10;M2_14;0.000
11;M2_14;0.009
12;M2_14;0.115
4;N1_1;7.792
5;N1_1;1.237
6;N1_1;0.219
7;N1_1;8
10;N1_1;1.269
11;N1_1;0.160
12;N1_1;3.600
4;N1_2;1.35
5;N1_2;1.269
6;N1_2;0.026
7;N1_2;0
10;N1_2;0.000
11;N1_2;0.006
12;N1_2;0.119
4;N1_3;5.431
5;N1_3;1.117
6;N1_3;0.169
7;N1_3;5.67
10;N1_3;1.171
11;N1_3;0.066
12;N1_3;1.366
4;N1_4;1.893
5;N1_4;1.197
6;N1_4;0.047
7;N1_4;1
10;N1_4;0.000
11;N1_4;0.019
12;N1_4;0.373
4;N1_5;8.56
5;N1_5;1.110
6;N1_5;0.169
7;N1_5;5.67
10;N1_5;1.171
11;N1_5;0.200
12;N1_5;4.810
4;N1_6;4.958
5;N1_6;1.178
6;N1_6;0.169
7;N1_6;5.67
10;N1_6;1.171
11;N1_6;0.066
12;N1_6;1.298
4;N1_7;10.726
5;N1_7;1.122
6;N1_7;0.218
7;N1_7;9.5
10;N1_7;1.980
11;N1_7;0.279
12;N1_7;6.256
4;N1_8;4.12
5;N1_8;1.136
6;N1_8;0.218
7;N1_8;9.5
10;N1_8;1.980
11;N1_8;0.069
12;N1_8;1.519
4;N1_9;9.264
5;N1_9;1.175
6;N1_9;0.218
7;N1_9;9.5
10;N1_9;1.980
11;N1_9;0.120
12;N1_9;2.680
4;N1_10;5.578
5;N1_10;1.195
6;N1_10;0.218
7;N1_10;9.5
10;N1_10;1.980
11;N1_10;0.059
12;N1_10;1.557
4;N1_11;8.648
5;N1_11;1.198
6;N1_11;0.248
7;N1_11;14
10;N1_11;2.158
11;N1_11;0.222
12;N1_11;5.066
4;N1_12;6.077
5;N1_12;1.136
6;N1_12;0.248
7;N1_12;14
10;N1_12;2.158
11;N1_12;0.074
12;N1_12;1.673
4;N1_13;8.923
5;N1_13;1.319
6;N1_13;0.248
7;N1_13;14
10;N1_13;2.158
11;N1_13;0.170
12;N1_13;3.965
4;N1_14;8.254
5;N1_14;1.207
6;N1_14;0.248
7;N1_14;14
10;N1_14;2.158
11;N1_14;0.096
12;N1_14;2.141
4;N1_15;2.468
5;N1_15;1.131
6;N1_15;0.069
7;N1_15;4
10;N1_15;0.113
11;N1_15;0.020
12;N1_15;0.453
4;N1_16;7.336
5;N1_16;1.178
6;N1_16;0.218
7;N1_16;9.5
10;N1_16;1.980
11;N1_16;0.128
12;N1_16;3.033
4;N1_17;7.105
5;N1_17;1.211
6;N1_17;0.248
7;N1_17;14
10;N1_17;2.158
11;N1_17;0.174
12;N1_17;4.268
4;N1_18;5.618
5;N1_18;1.159
6;N1_18;0.218
7;N1_18;9.5
10;N1_18;1.980
11;N1_18;0.120
12;N1_18;2.884
4;N2_1;10.47
5;N2_1;1.128
6;N2_1;0.219
7;N2_1;5.5
10;N2_1;2.100
11;N2_1;0.130
12;N2_1;3.229
4;N2_2;6.383
5;N2_2;1.108
6;N2_2;0.144
7;N2_2;4
10;N2_2;2.144
11;N2_2;0.155
12;N2_2;3.720
4;N2_3;7.256
5;N2_3;1.121
6;N2_3;0.219
7;N2_3;5.5
10;N2_3;2.100
11;N2_3;0.069
12;N2_3;1.460
4;N2_4;6.068
5;N2_4;1.145
6;N2_4;0.219
7;N2_4;5.5
10;N2_4;2.100
11;N2_4;0.051
12;N2_4;1.301
4;N2_5;10.057
5;N2_5;1.385
6;N2_5;0.219
7;N2_5;5.5
10;N2_5;2.100
11;N2_5;0.143
12;N2_5;2.980
4;N2_6;2.12
5;N2_6;1.487
6;N2_6;0.043
7;N2_6;2
10;N2_6;0.337
11;N2_6;0.078
12;N2_6;1.611
4;N2_7;8.314
5;N2_7;1.166
6;N2_7;0.216
7;N2_7;10.5
10;N2_7;1.935
11;N2_7;0.111
12;N2_7;2.330
4;N2_8;6.872
5;N2_8;1.125
6;N2_8;0.216
7;N2_8;10.5
10;N2_8;1.935
11;N2_8;0.025
12;N2_8;0.583
4;N2_9;8.864
5;N2_9;1.154
6;N2_9;0.246
7;N2_9;9
10;N2_9;1.971
11;N2_9;0.118
12;N2_9;2.622
4;N2_10;5.391
5;N2_10;1.131
6;N2_10;0.180
7;N2_10;5.5
10;N2_10;2.167
11;N2_10;0.162
12;N2_10;3.003
4;N2_11;7.444
5;N2_11;1.120
6;N2_11;0.180
7;N2_11;5.5
10;N2_11;2.167
11;N2_11;0.111
12;N2_11;2.631
4;N2_12;8.845
5;N2_12;1.125
6;N2_12;0.241
7;N2_12;11
10;N2_12;2.482
11;N2_12;0.371
12;N2_12;8.099
4;N2_13;10.398
5;N2_13;1.100
6;N2_13;0.241
7;N2_13;11
10;N2_13;2.482
11;N2_13;0.107
12;N2_13;2.133
4;N2_14;7.745
5;N2_14;1.149
6;N2_14;0.150
7;N2_14;8.5
10;N2_14;2.186
11;N2_14;0.089
12;N2_14;1.968
4;N2_15;3.295
5;N2_15;1.156
6;N2_15;0.150
7;N2_15;8.5
10;N2_15;2.186
11;N2_15;0.106
12;N2_15;2.328
4;N2_16;1.072
5;N2_16;1.284
6;N2_16;0.241
7;N2_16;11
10;N2_16;2.482
11;N2_16;0.126
12;N2_16;2.882
4;N2_17;6.838
5;N2_17;1.115
6;N2_17;0.241
7;N2_17;11
10;N2_17;2.482
11;N2_17;0.041
12;N2_17;0.802
4;O1_1;1.347
5;O1_1;1.089
6;O1_1;0.037
7;O1_1;1
10;O1_1;0.000
11;O1_1;0.020
12;O1_1;0.276
4;O1_2;0.231
5;O1_2;1.069
6;O1_2;0.011
7;O1_2;1
10;O1_2;0.000
11;O1_2;0.009
12;O1_2;0.136
4;O1_3;0.584
5;O1_3;1.078
6;O1_3;0.021
7;O1_3;2
10;O1_3;0.142
11;O1_3;0.021
12;O1_3;0.269
4;O1_4;3.874
5;O1_4;1.070
6;O1_4;0.121
7;O1_4;4
10;O1_4;1.042
11;O1_4;0.061
12;O1_4;1.057
4;O1_5;0.155
5;O1_5;1.046
6;O1_5;0.009
7;O1_5;0
10;O1_5;0.000
11;O1_5;0.008
12;O1_5;0.146
4;O1_6;0.188
5;O1_6;1.018
6;O1_6;0.006
7;O1_6;0
10;O1_6;0.000
11;O1_6;0.019
12;O1_6;0.240
4;O1_7;5.987
5;O1_7;1.047
6;O1_7;0.121
7;O1_7;4
10;O1_7;1.454
11;O1_7;0.136
12;O1_7;2.152
4;O1_8;0.803
5;O1_8;1.131
6;O1_8;0.121
7;O1_8;4
10;O1_8;1.454
11;O1_8;0.034
12;O1_8;0.388
4;O1_9;0.955
5;O1_9;1.068
6;O1_9;0.031
7;O1_9;0
10;O1_9;0.000
11;O1_9;0.028
12;O1_9;0.293
4;O1_10;0.55
5;O1_10;1.126
6;O1_10;0.021
7;O1_10;1
10;O1_10;0.000
11;O1_10;0.019
12;O1_10;0.209
4;O1_11;0.896
5;O1_11;1.080
6;O1_11;0.031
7;O1_11;0
10;O1_11;0.000
11;O1_11;0.013
12;O1_11;0.176
4;O1_12;0.465
5;O1_12;1.054
6;O1_12;0.014
7;O1_12;1
10;O1_12;0.000
11;O1_12;0.021
12;O1_12;0.285
4;O1_13;6.41
5;O1_13;1.083
6;O1_13;0.217
7;O1_13;8
10;O1_13;2.207
11;O1_13;0.096
12;O1_13;1.959
4;O1_14;0.46
5;O1_14;1.059
6;O1_14;0.023
7;O1_14;2
10;O1_14;0.000
11;O1_14;0.013
12;O1_14;0.161
4;O1_15;2.292
5;O1_15;1.058
6;O1_15;0.057
7;O1_15;1
10;O1_15;0.000
11;O1_15;0.025
12;O1_15;0.276
4;O1_16;3.073
5;O1_16;1.073
6;O1_16;0.080
7;O1_16;3
10;O1_16;0.000
11;O1_16;0.046
12;O1_16;0.860
4;O1_17;0.303
5;O1_17;1.082
6;O1_17;0.019
7;O1_17;1
10;O1_17;0.000
11;O1_17;0.020
12;O1_17;0.267
4;O2_1;0.455
5;O2_1;1.157
6;O2_1;0.013
7;O2_1;0
10;O2_1;0.000
11;O2_1;0.012
12;O2_1;0.192
4;O2_2;0.191
5;O2_2;1.058
6;O2_2;0.022
7;O2_2;1
10;O2_2;0.000
11;O2_2;0.014
12;O2_2;0.159
4;O2_3;4.779
5;O2_3;1.095
6;O2_3;0.126
7;O2_3;5
10;O2_3;1.733
11;O2_3;0.091
12;O2_3;1.648
4;O2_4;0.957
5;O2_4;1.055
6;O2_4;0.017
7;O2_4;0
10;O2_4;0.000
11;O2_4;0.028
12;O2_4;0.482
4;O2_5;0.218
5;O2_5;1.082
6;O2_5;0.013
7;O2_5;0
10;O2_5;0.000
11;O2_5;0.020
12;O2_5;0.293
4;O2_6;0.809
5;O2_6;1.221
6;O2_6;0.027
7;O2_6;0
10;O2_6;0.000
11;O2_6;0.012
12;O2_6;0.159
4;O2_7;0.415
5;O2_7;1.065
6;O2_7;0.015
7;O2_7;0
10;O2_7;0.000
11;O2_7;0.022
12;O2_7;0.291
4;O2_8;1.35
5;O2_8;1.073
6;O2_8;0.043
7;O2_8;1
10;O2_8;0.000
11;O2_8;0.025
12;O2_8;0.273
4;O2_9;5.374
5;O2_9;1.071
6;O2_9;0.161
7;O2_9;9
10;O2_9;1.871
11;O2_9;0.008
12;O2_9;0.119
4;O2_10;0.254
5;O2_10;1.104
6;O2_10;0.015
7;O2_10;1
10;O2_10;0.000
11;O2_10;0.019
12;O2_10;0.219
4;O2_11;0.414
5;O2_11;1.060
6;O2_11;0.015
7;O2_11;1
10;O2_11;0.000
11;O2_11;0.017
12;O2_11;0.186
4;O2_12;0.821
5;O2_12;1.143
6;O2_12;0.025
7;O2_12;0
10;O2_12;0.000
11;O2_12;0.030
12;O2_12;0.382
4;O2_13;0.701
5;O2_13;1.091
6;O2_13;0.029
7;O2_13;2
10;O2_13;0.000
11;O2_13;0.166
12;O2_13;2.547
4;O2_14;0.524
5;O2_14;1.071
6;O2_14;0.023
7;O2_14;1
10;O2_14;0.000
11;O2_14;0.023
12;O2_14;0.215
4;O2_15;0.123
5;O2_15;1.086
6;O2_15;0.008
7;O2_15;1
10;O2_15;0.000
11;O2_15;0.016
12;O2_15;0.155
4;O2_16;0.369
5;O2_16;1.077
6;O2_16;0.012
7;O2_16;1
10;O2_16;0.000
11;O2_16;0.034
12;O2_16;0.353
4;O2_17;0.894
5;O2_17;1.120
6;O2_17;0.016
7;O2_17;0
10;O2_17;0.000
11;O2_17;0.028
12;O2_17;0.325
4;P1_1;0.839
5;P1_1;1.082
6;P1_1;0.029
7;P1_1;2
10;P1_1;0.000
11;P1_1;0.018
12;P1_1;0.279
4;P1_2;10.159
5;P1_2;1.087
6;P1_2;0.211
7;P1_2;8.33
10;P1_2;2.299
11;P1_2;0.194
12;P1_2;3.786
4;P1_3;5.238
5;P1_3;1.131
6;P1_3;0.211
7;P1_3;8.33
10;P1_3;2.299
11;P1_3;0.046
12;P1_3;1.021
4;P1_4;0.507
5;P1_4;1.093
6;P1_4;0.027
7;P1_4;1
10;P1_4;0.000
11;P1_4;0.015
12;P1_4;0.181
4;P1_5;1.05
5;P1_5;1.085
6;P1_5;0.052
7;P1_5;4
10;P1_5;0.440
11;P1_5;0.028
12;P1_5;0.330
4;P1_6;9.552
5;P1_6;1.132
6;P1_6;0.297
7;P1_6;12.33
10;P1_6;2.553
11;P1_6;0.143
12;P1_6;2.544
4;P1_7;9.191
5;P1_7;1.122
6;P1_7;0.297
7;P1_7;12.33
10;P1_7;2.553
11;P1_7;0.009
12;P1_7;0.099
4;P1_8;0.113
5;P1_8;1.301
6;P1_8;0.004
7;P1_8;0
10;P1_8;0.000
11;P1_8;0.092
12;P1_8;1.813
4;P1_9;5.188
5;P1_9;1.140
6;P1_9;0.256
7;P1_9;12
10;P1_9;1.435
11;P1_9;0.006
12;P1_9;0.111
4;P1_10;0.921
5;P1_10;1.123
6;P1_10;0.037
7;P1_10;2
10;P1_10;0.027
11;P1_10;0.039
12;P1_10;0.798
4;P1_11;7.364
5;P1_11;1.216
6;P1_11;0.392
7;P1_11;22
10;P1_11;1.929
11;P1_11;0.017
12;P1_11;0.228
4;P1_12;4.002
5;P1_12;1.128
6;P1_12;0.297
7;P1_12;12.33
10;P1_12;2.553
11;P1_12;0.172
12;P1_12;3.299
4;P1_13;0.335
5;P1_13;1.087
6;P1_13;0.016
7;P1_13;1
10;P1_13;0.000
11;P1_13;0.040
12;P1_13;0.505
4;P1_14;6.834
5;P1_14;1.105
6;P1_14;0.211
7;P1_14;8.33
10;P1_14;2.299
11;P1_14;0.160
12;P1_14;2.841
4;P1_15;0.783
5;P1_15;1.076
6;P1_15;0.034
7;P1_15;2
10;P1_15;0.025
11;P1_15;0.021
12;P1_15;0.336
4;P1_16;6.687
5;P1_16;1.153
6;P1_16;0.273
7;P1_16;13
10;P1_16;2.307
11;P1_16;0.110
12;P1_16;1.883
4;Q1_1;6.266
5;Q1_1;1.203
6;Q1_1;0.102
7;Q1_1;2.5
10;Q1_1;2.555
11;Q1_1;0.077
12;Q1_1;0.531
4;Q1_2;1.833
5;Q1_2;1.227
6;Q1_2;0.102
7;Q1_2;2.5
10;Q1_2;2.555
11;Q1_2;0.049
12;Q1_2;0.335
4;Q1_3;0.77
5;Q1_3;1.113
6;Q1_3;0.033
7;Q1_3;2
10;Q1_3;0.468
11;Q1_3;0.173
12;Q1_3;1.130
4;Q1_4;9.815
5;Q1_4;1.200
6;Q1_4;0.311
7;Q1_4;16
10;Q1_4;2.672
11;Q1_4;0.053
12;Q1_4;0.366
4;Q1_5;8.39
5;Q1_5;1.135
6;Q1_5;0.311
7;Q1_5;16
10;Q1_5;2.672
11;Q1_5;0.171
12;Q1_5;1.197
4;Q1_6;7.701
5;Q1_6;1.350
6;Q1_6;0.311
7;Q1_6;16
10;Q1_6;2.672
11;Q1_6;0.265
12;Q1_6;2.147
4;Q1_7;7.069
5;Q1_7;1.187
6;Q1_7;0.340
7;Q1_7;15
10;Q1_7;2.303
11;Q1_7;0.075
12;Q1_7;0.837
4;Q1_8;4.894
5;Q1_8;1.254
6;Q1_8;0.124
7;Q1_8;6
10;Q1_8;1.534
11;Q1_8;0.029
12;Q1_8;0.187
4;Q1_9;7.822
5;Q1_9;1.233
6;Q1_9;0.229
7;Q1_9;12
10;Q1_9;2.318
11;Q1_9;0.103
12;Q1_9;0.856
4;Q1_10;8.233
5;Q1_10;1.191
6;Q1_10;0.283
7;Q1_10;14
10;Q1_10;2.664
11;Q1_10;0.064
12;Q1_10;0.481
4;Q1_11;8.044
5;Q1_11;1.203
6;Q1_11;0.279
7;Q1_11;11.5
10;Q1_11;2.392
11;Q1_11;0.021
12;Q1_11;0.157
4;Q1_12;6.691
5;Q1_12;1.120
6;Q1_12;0.279
7;Q1_12;11.5
10;Q1_12;2.392
11;Q1_12;0.107
12;Q1_12;0.845
4;Q1_13;10.452
5;Q1_13;1.252
6;Q1_13;0.258
7;Q1_13;14.33
10;Q1_13;2.794
11;Q1_13;0.153
12;Q1_13;1.158
4;Q1_14;2.578
5;Q1_14;1.108
6;Q1_14;0.258
7;Q1_14;14.33
10;Q1_14;2.794
11;Q1_14;0.094
12;Q1_14;0.818
4;Q1_15;7.307
5;Q1_15;1.179
6;Q1_15;0.258
7;Q1_15;14.33
10;Q1_15;2.794
11;Q1_15;0.191
12;Q1_15;2.053
4;Q1_16;8.576
5;Q1_16;1.160
6;Q1_16;0.258
7;Q1_16;14.33
10;Q1_16;2.794
11;Q1_16;0.160
12;Q1_16;1.107
4;Q1_17;3.058
5;Q1_17;1.164
6;Q1_17;0.258
7;Q1_17;14.33
10;Q1_17;2.794
11;Q1_17;0.059
12;Q1_17;0.336
4;Q1_18;4.906
5;Q1_18;1.167
6;Q1_18;0.258
7;Q1_18;14.33
10;Q1_18;2.794
11;Q1_18;0.156
12;Q1_18;1.526
4;Q2_1;6.146
5;Q2_1;1.149
6;Q2_1;0.164
7;Q2_1;8
10;Q2_1;1.948
11;Q2_1;0.043
12;Q2_1;0.406
4;Q2_2;1.614
5;Q2_2;1.086
6;Q2_2;0.164
7;Q2_2;8
10;Q2_2;1.948
11;Q2_2;0.134
12;Q2_2;0.930
4;Q2_3;9.907
5;Q2_3;1.171
6;Q2_3;0.546
7;Q2_3;28
10;Q2_3;2.847
11;Q2_3;0.165
12;Q2_3;1.271
4;Q2_4;10.207
5;Q2_4;1.179
6;Q2_4;0.546
7;Q2_4;28
10;Q2_4;2.847
11;Q2_4;0.226
12;Q2_4;1.787
4;Q2_5;0.993
5;Q2_5;1.060
6;Q2_5;0.017
7;Q2_5;1
10;Q2_5;0.000
11;Q2_5;0.011
12;Q2_5;0.085
4;Q2_6;9.264
5;Q2_6;1.168
6;Q2_6;0.508
7;Q2_6;22.43
10;Q2_6;2.880
11;Q2_6;0.101
12;Q2_6;0.785
4;Q2_7;1.201
5;Q2_7;1.063
6;Q2_7;0.508
7;Q2_7;22.43
10;Q2_7;2.880
11;Q2_7;0.065
12;Q2_7;0.594
4;Q2_8;9.884
5;Q2_8;1.168
6;Q2_8;0.508
7;Q2_8;22.43
10;Q2_8;2.880
11;Q2_8;0.150
12;Q2_8;1.208
4;Q2_9;10.7
5;Q2_9;1.202
6;Q2_9;0.508
7;Q2_9;22.43
10;Q2_9;2.880
11;Q2_9;0.093
12;Q2_9;0.827
4;Q2_10;8.94
5;Q2_10;1.246
6;Q2_10;0.508
7;Q2_10;22.43
10;Q2_10;2.880
11;Q2_10;0.131
12;Q2_10;1.111
4;Q2_11;4.095
5;Q2_11;1.220
6;Q2_11;0.508
7;Q2_11;22.43
10;Q2_11;2.880
11;Q2_11;0.123
12;Q2_11;1.005
4;Q2_12;11.152
5;Q2_12;1.242
6;Q2_12;0.508
7;Q2_12;22.43
10;Q2_12;2.880
11;Q2_12;0.158
12;Q2_12;1.465
4;Q2_13;5.735
5;Q2_13;1.102
6;Q2_13;0.154
7;Q2_13;6.67
10;Q2_13;1.935
11;Q2_13;0.124
12;Q2_13;1.148
4;Q2_14;4.635
5;Q2_14;1.335
6;Q2_14;0.154
7;Q2_14;6.67
10;Q2_14;1.935
11;Q2_14;0.104
12;Q2_14;0.924
4;Q2_15;5.703
5;Q2_15;1.288
6;Q2_15;0.154
7;Q2_15;6.67
10;Q2_15;1.935
11;Q2_15;0.107
12;Q2_15;0.865
4;R1_1;0.296
5;R1_1;1.327
6;R1_1;0.013
7;R1_1;1
10;R1_1;0.000
11;R1_1;0.008
12;R1_1;0.050
4;R1_2;5.412
5;R1_2;1.128
6;R1_2;0.133
7;R1_2;5
10;R1_2;0.888
11;R1_2;0.171
12;R1_2;1.526
4;R1_3;2.807
5;R1_3;1.118
6;R1_3;0.133
7;R1_3;5
10;R1_3;0.888
11;R1_3;0.018
12;R1_3;0.153
4;R1_4;4.682
5;R1_4;1.107
6;R1_4;0.133
7;R1_4;5
10;R1_4;0.888
11;R1_4;0.074
12;R1_4;0.540
4;R1_5;3.533
5;R1_5;1.154
6;R1_5;0.133
7;R1_5;5
10;R1_5;0.888
11;R1_5;0.059
12;R1_5;0.510
4;R1_6;3.988
5;R1_6;1.100
6;R1_6;0.133
7;R1_6;5
10;R1_6;0.888
11;R1_6;0.114
12;R1_6;1.031
4;R1_7;0.738
5;R1_7;1.088
6;R1_7;0.026
7;R1_7;1
10;R1_7;0.000
11;R1_7;0.007
12;R1_7;0.049
4;R1_8;0.301
5;R1_8;1.068
6;R1_8;0.011
7;R1_8;0
10;R1_8;0.000
11;R1_8;0.007
12;R1_8;0.027
4;R1_9;7.427
5;R1_9;1.097
6;R1_9;0.108
7;R1_9;7.33
10;R1_9;1.800
11;R1_9;0.168
12;R1_9;1.534
4;R1_10;0.425
5;R1_10;1.119
6;R1_10;0.108
7;R1_10;7.33
10;R1_10;1.800
11;R1_10;0.016
12;R1_10;0.116
4;R1_11;2.012
5;R1_11;1.267
6;R1_11;0.108
7;R1_11;7.33
10;R1_11;1.800
11;R1_11;0.050
12;R1_11;0.440
4;R1_12;4.054
5;R1_12;1.102
6;R1_12;0.172
7;R1_12;10
10;R1_12;1.347
11;R1_12;0.097
12;R1_12;0.828
4;R1_13;7.383
5;R1_13;1.123
6;R1_13;0.223
7;R1_13;17
10;R1_13;1.892
11;R1_13;0.306
12;R1_13;3.637
4;R1_14;5.232
5;R1_14;1.088
6;R1_14;0.223
7;R1_14;17
10;R1_14;1.892
11;R1_14;0.203
12;R1_14;1.784
4;R1_15;2.31
5;R1_15;1.135
6;R1_15;0.073
7;R1_15;6
10;R1_15;0.886
11;R1_15;0.241
12;R1_15;1.919
4;R2_1;4.117
5;R2_1;1.202
6;R2_1;0.140
7;R2_1;12
10;R2_1;1.091
11;R2_1;0.103
12;R2_1;0.965
4;R2_2;0.973
5;R2_2;1.081
6;R2_2;0.028
7;R2_2;1
10;R2_2;0.000
11;R2_2;0.018
12;R2_2;0.166
4;R2_3;0.816
5;R2_3;1.075
6;R2_3;0.028
7;R2_3;2
10;R2_3;0.382
11;R2_3;0.024
12;R2_3;0.284
4;R2_4;0.477
5;R2_4;1.069
6;R2_4;0.021
7;R2_4;1
10;R2_4;0.000
11;R2_4;0.017
12;R2_4;0.159
4;R2_5;0.481
5;R2_5;1.155
6;R2_5;0.015
7;R2_5;0
10;R2_5;0.000
11;R2_5;0.009
12;R2_5;0.069
4;R2_6;1.043
5;R2_6;1.090
6;R2_6;0.067
7;R2_6;5
10;R2_6;0.447
11;R2_6;0.029
12;R2_6;0.277
4;R2_7;5.066
5;R2_7;1.132
6;R2_7;0.295
7;R2_7;13
10;R2_7;1.434
11;R2_7;0.195
12;R2_7;2.264
4;R2_8;6.869
5;R2_8;1.146
6;R2_8;0.133
7;R2_8;9
10;R2_8;2.384
11;R2_8;0.113
12;R2_8;1.167
4;R2_9;1.221
5;R2_9;1.132
6;R2_9;0.133
7;R2_9;9
10;R2_9;2.384
11;R2_9;0.072
12;R2_9;0.742
4;R2_10;0.461
5;R2_10;1.037
6;R2_10;0.133
7;R2_10;9
10;R2_10;2.384
11;R2_10;0.027
12;R2_10;0.353
4;R2_11;0.48
5;R2_11;1.165
6;R2_11;0.039
7;R2_11;3
10;R2_11;0.052
11;R2_11;0.003
12;R2_11;0.077
4;R2_12;0.257
5;R2_12;1.055
6;R2_12;0.010
7;R2_12;0
10;R2_12;0.000
11;R2_12;0.015
12;R2_12;0.100
4;R2_13;0.341
5;R2_13;1.057
6;R2_13;0.011
7;R2_13;0
10;R2_13;0.000
11;R2_13;0.017
12;R2_13;0.117
4;R2_14;0.437
5;R2_14;1.134
6;R2_14;0.028
7;R2_14;2
10;R2_14;0.000
11;R2_14;0.022
12;R2_14;0.202
4;R2_15;7.435
5;R2_15;1.158
6;R2_15;0.277
7;R2_15;12
10;R2_15;2.211
11;R2_15;0.246
12;R2_15;3.575
4;R2_16;3.596
5;R2_16;1.084
6;R2_16;0.111
7;R2_16;7
10;R2_16;1.294
11;R2_16;0.057
12;R2_16;0.646
4;R2_17;0.592
5;R2_17;1.080
6;R2_17;0.034
7;R2_17;2
10;R2_17;0.216
11;R2_17;0.030
12;R2_17;0.305
4;R2_18;1.372
5;R2_18;1.056
6;R2_18;0.063
7;R2_18;5
10;R2_18;0.466
11;R2_18;0.034
12;R2_18;0.443
4;R2_19;5.902
5;R2_19;1.182
6;R2_19;0.242
7;R2_19;10
10;R2_19;1.721
11;R2_19;0.131
12;R2_19;1.628
4;R2_20;4.844
5;R2_20;1.171
6;R2_20;0.235
7;R2_20;11
10;R2_20;1.604
11;R2_20;0.114
12;R2_20;1.334
4;R2_21;2.602
5;R2_21;1.143
6;R2_21;0.088
7;R2_21;3
10;R2_21;0.852
11;R2_21;0.038
12;R2_21;0.439
4;S1_1;1.104
5;S1_1;1.243
6;S1_1;0.030
7;S1_1;1
10;S1_1;0.000
11;S1_1;0.079
12;S1_1;1.651
4;S1_2;6.729
5;S1_2;1.256
6;S1_2;0.264
7;S1_2;10
10;S1_2;1.518
11;S1_2;0.172
12;S1_2;3.854
4;S1_3;6.499
5;S1_3;1.097
6;S1_3;0.068
7;S1_3;1
10;S1_3;0.000
11;S1_3;0.117
12;S1_3;2.704
4;S1_4;5.242
5;S1_4;1.268
6;S1_4;0.272
7;S1_4;10
10;S1_4;2.386
11;S1_4;0.241
12;S1_4;5.419
4;S1_5;8.629
5;S1_5;1.119
6;S1_5;0.272
7;S1_5;10
10;S1_5;2.386
11;S1_5;0.301
12;S1_5;6.402
4;S1_6;11.128
5;S1_6;1.248
6;S1_6;0.272
7;S1_6;10
10;S1_6;2.386
11;S1_6;0.143
12;S1_6;3.016
4;S1_7;3.175
5;S1_7;1.141
6;S1_7;0.272
7;S1_7;10
10;S1_7;2.386
11;S1_7;0.064
12;S1_7;1.058
4;S1_8;6.247
5;S1_8;1.073
6;S1_8;0.272
7;S1_8;10
10;S1_8;2.386
11;S1_8;0.107
12;S1_8;2.142
4;S1_9;6.936
5;S1_9;1.248
6;S1_9;0.330
7;S1_9;11.89
10;S1_9;2.794
11;S1_9;0.270
12;S1_9;5.888
4;S1_10;7.981
5;S1_10;1.249
6;S1_10;0.330
7;S1_10;11.89
10;S1_10;2.794
11;S1_10;0.031
12;S1_10;0.612
4;S1_11;9.909
5;S1_11;1.127
6;S1_11;0.330
7;S1_11;11.89
10;S1_11;2.794
11;S1_11;0.191
12;S1_11;4.587
4;S1_12;12.402
5;S1_12;1.223
6;S1_12;0.330
7;S1_12;11.89
10;S1_12;2.794
11;S1_12;0.254
12;S1_12;5.553
4;S1_13;5.411
5;S1_13;1.355
6;S1_13;0.330
7;S1_13;11.89
10;S1_13;2.794
11;S1_13;0.240
12;S1_13;4.378
4;S1_14;5.286
5;S1_14;1.124
6;S1_14;0.330
7;S1_14;11.89
10;S1_14;2.794
11;S1_14;0.183
12;S1_14;3.914
4;S1_15;5.213
5;S1_15;1.303
6;S1_15;0.330
7;S1_15;11.89
10;S1_15;2.794
11;S1_15;0.205
12;S1_15;4.390
4;S1_16;4.989
5;S1_16;1.091
6;S1_16;0.330
7;S1_16;11.89
10;S1_16;2.794
11;S1_16;0.160
12;S1_16;3.363
4;S1_17;8.629
5;S1_17;1.113
6;S1_17;0.330
7;S1_17;11.89
10;S1_17;2.794
11;S1_17;0.002
12;S1_17;0.039
4;S1_18;4.806
5;S1_18;1.174
6;S1_18;0.194
7;S1_18;8
10;S1_18;1.144
11;S1_18;0.112
12;S1_18;2.261
4;S1_19;2.662
5;S1_19;1.244
6;S1_19;0.230
7;S1_19;11.5
10;S1_19;2.044
11;S1_19;0.175
12;S1_19;3.842
4;S1_20;7.405
5;S1_20;1.196
6;S1_20;0.230
7;S1_20;11.5
10;S1_20;2.044
11;S1_20;0.162
12;S1_20;3.479
4;S2_1;3.112
5;S2_1;1.243
6;S2_1;0.085
7;S2_1;4
10;S2_1;0.579
11;S2_1;0.028
12;S2_1;0.476
4;S2_2;2.162
5;S2_2;1.135
6;S2_2;0.056
7;S2_2;2
10;S2_2;0.498
11;S2_2;0.002
12;S2_2;0.030
4;S2_3;5.031
5;S2_3;1.134
6;S2_3;0.131
7;S2_3;4
10;S2_3;0.393
11;S2_3;0.054
12;S2_3;1.087
4;S2_4;9.263
5;S2_4;1.133
6;S2_4;0.273
7;S2_4;9.33
10;S2_4;2.558
11;S2_4;0.189
12;S2_4;3.428
4;S2_5;4.338
5;S2_5;1.120
6;S2_5;0.273
7;S2_5;9.33
10;S2_5;2.558
11;S2_5;0.207
12;S2_5;3.840
4;S2_6;2.267
5;S2_6;1.121
6;S2_6;0.058
7;S2_6;2
10;S2_6;0.970
11;S2_6;0.048
12;S2_6;0.725
4;S2_7;4.088
5;S2_7;1.176
6;S2_7;0.173
7;S2_7;6.75
10;S2_7;1.984
11;S2_7;0.080
12;S2_7;1.472
4;S2_8;1.318
5;S2_8;1.190
6;S2_8;0.173
7;S2_8;6.75
10;S2_8;1.984
11;S2_8;0.151
12;S2_8;3.326
4;S2_9;2.374
5;S2_9;1.170
6;S2_9;0.173
7;S2_9;6.75
10;S2_9;1.984
11;S2_9;0.057
12;S2_9;1.227
4;S2_10;7.61
5;S2_10;1.230
6;S2_10;0.173
7;S2_10;6.75
10;S2_10;1.984
11;S2_10;0.101
12;S2_10;2.073
4;S2_11;3.764
5;S2_11;1.156
6;S2_11;0.208
7;S2_11;8.5
10;S2_11;3.277
11;S2_11;0.102
12;S2_11;2.106
4;S2_12;7.034
5;S2_12;1.260
6;S2_12;0.288
7;S2_12;18
10;S2_12;1.930
11;S2_12;0.154
12;S2_12;2.985
4;S2_13;8.894
5;S2_13;1.624
6;S2_13;0.208
7;S2_13;8.5
10;S2_13;3.277
11;S2_13;0.188
12;S2_13;4.761
4;S2_14;4.828
5;S2_14;1.271
6;S2_14;0.273
7;S2_14;9.33
10;S2_14;2.558
11;S2_14;0.160
12;S2_14;2.894
4;S2_15;7.267
5;S2_15;1.216
6;S2_15;0.246
7;S2_15;8.88
10;S2_15;2.103
11;S2_15;0.111
12;S2_15;2.229
4;S2_16;6.782
5;S2_16;1.196
6;S2_16;0.246
7;S2_16;8.88
10;S2_16;2.103
11;S2_16;0.058
12;S2_16;0.933
4;S2_17;7.619
5;S2_17;1.164
6;S2_17;0.246
7;S2_17;8.88
10;S2_17;2.103
11;S2_17;0.135
12;S2_17;2.473
4;S2_18;3.322
5;S2_18;1.141
6;S2_18;0.246
7;S2_18;8.88
10;S2_18;2.103
11;S2_18;0.110
12;S2_18;1.900
4;S2_19;1.948
5;S2_19;1.184
6;S2_19;0.246
7;S2_19;8.88
10;S2_19;2.103
11;S2_19;0.199
12;S2_19;4.060
4;S2_20;5.653
5;S2_20;1.134
6;S2_20;0.246
7;S2_20;8.88
10;S2_20;2.103
11;S2_20;0.083
12;S2_20;1.396
4;S2_21;6.106
5;S2_21;1.262
6;S2_21;0.246
7;S2_21;8.88
10;S2_21;2.103
11;S2_21;0.159
12;S2_21;2.885
4;S2_22;2.855
5;S2_22;1.195
6;S2_22;0.246
7;S2_22;8.88
10;S2_22;2.103
11;S2_22;0.100
12;S2_22;1.780
4;T1_1;1.436
5;T1_1;1.151
6;T1_1;0.062
7;T1_1;4
10;T1_1;0.391
11;T1_1;0.031
12;T1_1;0.627
4;T1_2;1.277
5;T1_2;1.085
6;T1_2;0.044
7;T1_2;1
10;T1_2;0.000
11;T1_2;0.012
12;T1_2;0.228
4;T1_3;5.999
5;T1_3;1.067
6;T1_3;0.256
7;T1_3;10
10;T1_3;2.161
11;T1_3;0.128
12;T1_3;3.169
4;T1_4;5.879
5;T1_4;1.081
6;T1_4;0.120
7;T1_4;4.5
10;T1_4;0.762
11;T1_4;0.015
12;T1_4;0.317
4;T1_5;0.596
5;T1_5;1.051
6;T1_5;0.020
7;T1_5;1
10;T1_5;0.000
11;T1_5;0.075
12;T1_5;1.755
4;T1_6;1.494
5;T1_6;1.097
6;T1_6;0.055
7;T1_6;3
10;T1_6;0.000
11;T1_6;0.014
12;T1_6;0.347
4;T1_7;0.547
5;T1_7;1.152
6;T1_7;0.120
7;T1_7;4.5
10;T1_7;0.762
11;T1_7;0.019
12;T1_7;0.361
4;T1_8;0.501
5;T1_8;1.052
6;T1_8;0.032
7;T1_8;3
10;T1_8;0.260
11;T1_8;0.045
12;T1_8;0.902
4;T1_9;1.403
5;T1_9;1.112
6;T1_9;0.086
7;T1_9;9
10;T1_9;0.478
11;T1_9;0.024
12;T1_9;0.438
4;T1_10;2.938
5;T1_10;1.079
6;T1_10;0.132
7;T1_10;3
10;T1_10;1.374
11;T1_10;0.044
12;T1_10;0.918
4;T1_11;0.479
5;T1_11;1.075
6;T1_11;0.028
7;T1_11;1
10;T1_11;0.000
11;T1_11;0.015
12;T1_11;0.340
4;T1_12;2.525
5;T1_12;1.118
6;T1_12;0.160
7;T1_12;5
10;T1_12;0.456
11;T1_12;0.085
12;T1_12;2.012
4;T2_1;0.231
5;T2_1;1.212
6;T2_1;0.015
7;T2_1;1
10;T2_1;0.000
11;T2_1;0.011
12;T2_1;0.126
4;T2_2;2.238
5;T2_2;1.071
6;T2_2;0.074
7;T2_2;3
10;T2_2;0.025
11;T2_2;0.012
12;T2_2;0.119
4;T2_3;5.884
5;T2_3;1.098
6;T2_3;0.355
7;T2_3;18
10;T2_3;1.670
11;T2_3;0.134
12;T2_3;2.304
4;T2_4;4.548
5;T2_4;1.065
6;T2_4;0.223
7;T2_4;10
10;T2_4;1.360
11;T2_4;0.076
12;T2_4;1.298
4;T2_5;6.447
5;T2_5;1.076
6;T2_5;0.145
7;T2_5;6.25
10;T2_5;1.389
11;T2_5;0.162
12;T2_5;3.066
4;T2_6;2.298
5;T2_6;1.079
6;T2_6;0.145
7;T2_6;6.25
10;T2_6;1.389
11;T2_6;0.024
12;T2_6;0.348
4;T2_7;2.802
5;T2_7;1.148
6;T2_7;0.145
7;T2_7;6.25
10;T2_7;1.389
11;T2_7;0.019
12;T2_7;0.294
4;T2_8;3.638
5;T2_8;1.116
6;T2_8;0.157
7;T2_8;11
10;T2_8;1.299
11;T2_8;0.042
12;T2_8;0.487
4;T2_9;3.872
5;T2_9;1.107
6;T2_9;0.115
7;T2_9;6.5
10;T2_9;0.989
11;T2_9;0.107
12;T2_9;1.816
4;T2_10;0.365
5;T2_10;1.086
6;T2_10;0.022
7;T2_10;3
10;T2_10;0.059
11;T2_10;0.048
12;T2_10;0.646
4;T2_11;0.746
5;T2_11;1.081
6;T2_11;0.145
7;T2_11;6.25
10;T2_11;1.389
11;T2_11;0.050
12;T2_11;0.749
4;T2_12;5.765
5;T2_12;1.067
6;T2_12;0.271
7;T2_12;11
10;T2_12;1.918
11;T2_12;0.157
12;T2_12;3.101
4;T2_13;5.521
5;T2_13;1.096
6;T2_13;0.243
7;T2_13;11
10;T2_13;1.995
11;T2_13;0.184
12;T2_13;3.235
4;T2_14;0.837
5;T2_14;1.121
6;T2_14;0.040
7;T2_14;3
10;T2_14;0.035
11;T2_14;0.042
12;T2_14;0.531
4;T2_15;0.999
5;T2_15;1.111
6;T2_15;0.063
7;T2_15;1
10;T2_15;0.000
11;T2_15;0.051
12;T2_15;0.484
4;T2_16;0.546
5;T2_16;1.097
6;T2_16;0.031
7;T2_16;1
10;T2_16;0.000
11;T2_16;0.023
12;T2_16;0.330
4;T2_17;2.956
5;T2_17;1.090
6;T2_17;0.121
7;T2_17;4
10;T2_17;0.859
11;T2_17;0.061
12;T2_17;1.114
4;T2_18;0.766
5;T2_18;1.148
6;T2_18;0.043
7;T2_18;1
10;T2_18;0.000
11;T2_18;0.025
12;T2_18;0.348
4;T2_19;0.989
5;T2_19;1.095
6;T2_19;0.032
7;T2_19;2
10;T2_19;0.349
11;T2_19;0.020
12;T2_19;0.403
4;T2_20;0.197
5;T2_20;1.092
6;T2_20;0.115
7;T2_20;6.5
10;T2_20;0.989
11;T2_20;0.033
12;T2_20;0.543
